"","Stream","indID","X1","X2","X3","X4","X5","X6","X7","X8","X9","X10","X11","X12","X13","X14"
"1","Indian","a0900043000125088  ",NA,NA,NA,NA,NA,NA,NA,NA,NA,NA,NA,1,1,0
"2","Indian","a0900043000125089  ",NA,NA,NA,NA,NA,NA,NA,NA,NA,NA,NA,1,0,0
"3","Indian","a0900043000125092  ",NA,NA,NA,NA,NA,NA,NA,NA,NA,NA,NA,1,0,1
"4","Indian","a0900043000125098  ",NA,NA,NA,NA,NA,NA,NA,NA,NA,NA,NA,1,0,0
"5","Indian","a0900043000125102  ",NA,NA,NA,NA,NA,NA,NA,NA,NA,NA,NA,1,0,0
"6","Indian","a0900043000125103  ",NA,NA,NA,NA,NA,NA,NA,NA,NA,NA,NA,1,0,0
"7","Indian","a0900043000125104  ",NA,NA,NA,NA,NA,NA,NA,NA,NA,NA,NA,1,0,0
"8","Indian","a0900043000125110  ",NA,NA,NA,NA,NA,NA,NA,NA,NA,NA,NA,1,0,1
"9","Indian","a0900043000125111  ",NA,NA,NA,NA,NA,NA,NA,NA,NA,NA,NA,1,0,0
"10","Indian","a0900043000125114  ",NA,NA,NA,NA,NA,NA,NA,NA,NA,NA,NA,1,0,0
"11","Indian","a0900043000125115  ",NA,NA,NA,NA,NA,NA,NA,NA,NA,NA,NA,1,0,0
"12","Indian","a0900043000125116  ",NA,NA,NA,NA,NA,NA,NA,NA,NA,NA,NA,1,0,0
"13","Indian","a0900043000125124  ",NA,NA,NA,NA,NA,NA,NA,NA,NA,NA,NA,1,0,0
"14","Indian","a0900043000125126  ",NA,NA,NA,NA,NA,NA,NA,NA,NA,NA,NA,1,0,0
"15","Indian","a0900043000125128  ",NA,NA,NA,NA,NA,NA,NA,NA,NA,NA,NA,1,1,0
"16","Indian","a0900043000125131  ",NA,NA,NA,NA,NA,NA,NA,NA,NA,NA,NA,1,0,0
"17","Indian","a0900043000125135  ",NA,NA,NA,NA,NA,NA,NA,NA,NA,NA,NA,1,0,0
"18","Indian","a0900043000125136  ",NA,NA,NA,NA,NA,NA,NA,NA,NA,NA,NA,1,0,1
"19","Indian","a0900043000125144  ",NA,NA,NA,NA,NA,NA,NA,NA,NA,NA,NA,1,0,1
"20","Indian","a0900043000125149  ",NA,NA,NA,NA,NA,NA,NA,NA,NA,NA,NA,1,1,1
"21","Indian","a0900043000125157  ",NA,NA,NA,NA,NA,NA,NA,NA,NA,NA,NA,1,0,0
"22","Indian","a0900043000125158  ",NA,NA,NA,NA,NA,NA,NA,NA,NA,NA,NA,1,1,0
"23","Indian","a0900043000125161  ",NA,NA,NA,NA,NA,NA,NA,NA,NA,NA,NA,1,1,1
"24","Indian","a0900043000125164  ",NA,NA,NA,NA,NA,NA,NA,NA,NA,NA,NA,1,0,0
"25","Indian","a0900043000125166  ",NA,NA,NA,NA,NA,NA,NA,NA,NA,NA,NA,1,0,0
"26","Indian","a0900043000125167  ",NA,NA,NA,NA,NA,NA,NA,NA,NA,NA,NA,1,0,0
"27","Indian","a0900043000125171  ",NA,NA,NA,NA,NA,NA,NA,NA,NA,NA,NA,1,0,0
"28","Indian","a0900043000125172  ",NA,NA,NA,NA,NA,NA,NA,NA,NA,NA,NA,1,0,0
"29","Indian","a0900043000125173  ",NA,NA,NA,NA,NA,NA,NA,NA,NA,NA,NA,1,0,0
"30","Indian","a0900043000125176  ",NA,NA,NA,NA,NA,NA,NA,NA,NA,NA,NA,1,0,0
"31","Indian","a0900043000125178  ",NA,NA,NA,NA,NA,NA,NA,NA,NA,NA,NA,1,0,1
"32","Indian","a0900043000125179  ",NA,NA,NA,NA,NA,NA,NA,NA,NA,NA,NA,1,0,0
"33","Indian","a0900043000134417  ",NA,NA,NA,NA,NA,NA,NA,NA,NA,NA,NA,NA,1,0
"34","Indian","a0900043000134423  ",NA,NA,NA,NA,NA,NA,NA,NA,NA,NA,NA,NA,1,0
"35","Indian","a0900043000134430  ",NA,NA,NA,NA,NA,NA,NA,NA,NA,NA,NA,NA,1,0
"36","Indian","a0900043000134456  ",NA,NA,NA,NA,NA,NA,NA,NA,NA,NA,NA,NA,1,0
"37","Indian","a0900043000134458  ",NA,NA,NA,NA,NA,NA,NA,NA,NA,NA,NA,NA,1,0
"38","Indian","a0900043000134465  ",NA,NA,NA,NA,NA,NA,NA,NA,NA,NA,NA,NA,1,0
"39","Indian","a0900043000134469  ",NA,NA,NA,NA,NA,NA,NA,NA,NA,NA,NA,NA,1,0
"40","Indian","a0900043000134472  ",NA,NA,NA,NA,NA,NA,NA,NA,NA,NA,NA,NA,1,0
"41","Indian","a0900043000134474  ",NA,NA,NA,NA,NA,NA,NA,NA,NA,NA,NA,NA,1,0
"42","Indian","a0900043000134480  ",NA,NA,NA,NA,NA,NA,NA,NA,NA,NA,NA,NA,1,0
"43","Indian","a0900043000134483  ",NA,NA,NA,NA,NA,NA,NA,NA,NA,NA,NA,NA,1,0
"44","Indian","a0900043000134486  ",NA,NA,NA,NA,NA,NA,NA,NA,NA,NA,NA,NA,1,1
"45","Indian","a0900043000134488  ",NA,NA,NA,NA,NA,NA,NA,NA,NA,NA,NA,NA,1,0
"46","Indian","a0900043000134501  ",NA,NA,NA,NA,NA,NA,NA,NA,NA,NA,NA,NA,1,0
"47","Indian","a0900043000134504  ",NA,NA,NA,NA,NA,NA,NA,NA,NA,NA,NA,NA,1,0
"48","Indian","a0900043000134516  ",NA,NA,NA,NA,NA,NA,NA,NA,NA,NA,NA,NA,1,0
"49","Indian","a0900043000134547  ",NA,NA,NA,NA,NA,NA,NA,NA,NA,NA,NA,NA,1,0
"50","Indian","a0900043000134551  ",NA,NA,NA,NA,NA,NA,NA,NA,NA,NA,NA,NA,1,0
"51","Indian","a0900043000134554  ",NA,NA,NA,NA,NA,NA,NA,NA,NA,NA,NA,NA,1,0
"52","Indian","a0900043000134556  ",NA,NA,NA,NA,NA,NA,NA,NA,NA,NA,NA,NA,1,0
"53","Indian","a0900043000134559  ",NA,NA,NA,NA,NA,NA,NA,NA,NA,NA,NA,NA,1,0
"54","Indian","a0900043000134570  ",NA,NA,NA,NA,NA,NA,NA,NA,NA,NA,NA,NA,1,0
"55","Indian","a0900043000134573  ",NA,NA,NA,NA,NA,NA,NA,NA,NA,NA,NA,NA,1,0
"56","Indian","a0900043000134580  ",NA,NA,NA,NA,NA,NA,NA,NA,NA,NA,NA,NA,1,1
"57","Indian","a0900043000134587  ",NA,NA,NA,NA,NA,NA,NA,NA,NA,NA,NA,NA,1,0
"58","Indian","a0900043000134591  ",NA,NA,NA,NA,NA,NA,NA,NA,NA,NA,NA,NA,1,0
"59","Indian","a0900043000135022  ",NA,NA,NA,NA,NA,NA,NA,NA,NA,1,1,1,0,0
"60","Indian","a0900043000135028  ",NA,NA,NA,NA,NA,NA,NA,NA,NA,1,0,1,0,0
"61","Indian","a0900043000135038  ",NA,NA,NA,NA,NA,NA,NA,NA,NA,1,0,0,0,0
"62","Indian","a0900043000135044  ",NA,NA,NA,NA,NA,NA,NA,NA,NA,1,0,0,0,0
"63","Indian","a0900043000135065  ",NA,NA,NA,NA,NA,NA,NA,NA,NA,1,0,0,0,0
"64","Indian","a0900043000135071  ",NA,NA,NA,NA,NA,NA,NA,NA,NA,1,0,0,1,0
"65","Indian","a0900043000135079  ",NA,NA,NA,NA,NA,NA,NA,NA,NA,1,1,1,0,0
"66","Indian","a0900043000135086  ",NA,NA,NA,NA,NA,NA,NA,NA,NA,1,0,0,0,0
"67","Indian","a0900043000135087  ",NA,NA,NA,NA,NA,NA,NA,NA,NA,1,1,0,0,0
"68","Indian","a0900043000135088  ",NA,NA,NA,NA,NA,NA,NA,NA,NA,1,0,0,0,0
"69","Indian","a0900043000135095  ",NA,NA,NA,NA,NA,NA,NA,NA,NA,1,1,0,0,0
"70","Indian","a0900043000135103  ",NA,NA,NA,NA,NA,NA,NA,NA,NA,1,0,0,0,0
"71","Indian","a0900043000135121  ",NA,NA,NA,NA,NA,NA,NA,NA,NA,1,0,0,0,0
"72","Indian","a0900043000135122  ",NA,NA,NA,NA,NA,NA,NA,NA,NA,1,1,0,0,1
"73","Indian","a0900043000135132  ",NA,NA,NA,NA,NA,NA,NA,NA,NA,1,0,0,0,0
"74","Indian","a0900043000135138  ",NA,NA,NA,NA,NA,NA,NA,NA,NA,1,1,1,0,0
"75","Indian","a0900043000135146  ",NA,NA,NA,NA,NA,NA,NA,NA,NA,1,0,0,0,0
"76","Indian","a0900043000135149  ",NA,NA,NA,NA,NA,NA,NA,NA,NA,1,1,0,1,0
"77","Indian","a0900043000135162  ",NA,NA,NA,NA,NA,NA,NA,NA,NA,1,0,0,0,0
"78","Indian","a0900043000135163  ",NA,NA,NA,NA,NA,NA,NA,NA,NA,1,1,0,0,0
"79","Indian","a0900043000135164  ",NA,NA,NA,NA,NA,NA,NA,NA,NA,1,1,0,0,1
"80","Indian","a0900043000135165  ",NA,NA,NA,NA,NA,NA,NA,NA,NA,1,0,0,0,0
"81","Indian","a0900043000135170  ",NA,NA,NA,NA,NA,NA,NA,NA,NA,1,1,0,0,0
"82","Indian","a0900043000135174  ",NA,NA,NA,NA,NA,NA,NA,NA,NA,1,1,1,0,0
"83","Indian","a0900043000135184  ",NA,NA,NA,NA,NA,NA,NA,NA,NA,1,0,0,0,0
"84","Indian","a0900043000135185  ",NA,NA,NA,NA,NA,NA,NA,NA,NA,1,0,1,0,0
"85","Indian","a0900043000135194  ",NA,NA,NA,NA,NA,NA,NA,NA,NA,1,1,1,1,0
"86","Indian","a0900043000135204  ",NA,NA,NA,NA,NA,NA,NA,NA,NA,1,1,0,0,0
"87","Indian","a0900043000135207  ",NA,NA,NA,NA,NA,NA,NA,NA,NA,1,1,0,0,0
"88","Indian","a0900043000135214  ",NA,NA,NA,NA,NA,NA,NA,NA,NA,1,0,0,0,0
"89","Indian","a0900043000135215  ",NA,NA,NA,NA,NA,NA,NA,NA,NA,1,0,0,0,0
"90","Indian","a0900043000135217  ",NA,NA,NA,NA,NA,NA,NA,NA,NA,1,1,1,0,0
"91","Indian","a0900043000135239  ",NA,NA,NA,NA,NA,NA,NA,NA,NA,1,0,0,0,0
"92","Indian","a0900043000135250  ",NA,NA,NA,NA,NA,NA,NA,NA,NA,1,1,0,0,0
"93","Indian","a0900043000135266  ",NA,NA,NA,NA,NA,NA,NA,NA,NA,1,0,0,0,0
"94","Indian","a0900043000135280  ",NA,NA,NA,NA,NA,NA,NA,NA,NA,1,0,0,0,0
"95","Indian","a0900043000135284  ",NA,NA,NA,NA,NA,NA,NA,NA,NA,1,1,1,0,0
"96","Indian","a0900043000135293  ",NA,NA,NA,NA,NA,NA,NA,NA,NA,1,0,0,0,0
"97","Indian","a0900043000135294  ",NA,NA,NA,NA,NA,NA,NA,NA,NA,1,0,0,0,0
"98","Indian","a0900043000135297  ",NA,NA,NA,NA,NA,NA,NA,NA,NA,1,0,1,0,0
"99","Indian","a0900043000135314  ",NA,NA,NA,NA,NA,NA,NA,NA,NA,1,0,0,0,0
"100","Indian","a0900043000135315  ",NA,NA,NA,NA,NA,NA,NA,NA,NA,1,0,1,1,1
"101","Indian","a0900043000135324  ",NA,NA,NA,NA,NA,NA,NA,NA,NA,1,1,0,0,0
"102","Indian","a0900043000135329  ",NA,NA,NA,NA,NA,NA,NA,NA,NA,1,0,1,0,1
"103","Indian","a0900043000135332  ",NA,NA,NA,NA,NA,NA,NA,NA,NA,1,0,0,0,0
"104","Indian","a0900043000135334  ",NA,NA,NA,NA,NA,NA,NA,NA,NA,1,0,0,0,1
"105","Indian","a0900043000135346  ",NA,NA,NA,NA,NA,NA,NA,NA,NA,1,0,0,0,0
"106","Indian","a0900043000135349  ",NA,NA,NA,NA,NA,NA,NA,NA,NA,1,0,0,0,0
"107","Indian","a0900043000135350  ",NA,NA,NA,NA,NA,NA,NA,NA,NA,1,0,0,0,0
"108","Indian","a0900043000135353  ",NA,NA,NA,NA,NA,NA,NA,NA,NA,1,0,1,0,0
"109","Indian","a0900043000135365  ",NA,NA,NA,NA,NA,NA,NA,NA,NA,1,0,0,0,0
"110","Indian","a0900043000135368  ",NA,NA,NA,NA,NA,NA,NA,NA,NA,1,0,0,0,0
"111","Indian","a0900043000135370  ",NA,NA,NA,NA,NA,NA,NA,NA,NA,1,1,1,0,0
"112","Indian","a0900043000135372  ",NA,NA,NA,NA,NA,NA,NA,NA,NA,1,1,0,0,0
"113","Indian","a0900043000135374  ",NA,NA,NA,NA,NA,NA,NA,NA,NA,1,0,0,0,0
"114","Indian","a0900043000135376  ",NA,NA,NA,NA,NA,NA,NA,NA,NA,1,0,1,1,0
"115","Indian","a0900043000135380  ",NA,NA,NA,NA,NA,NA,NA,NA,NA,1,0,0,1,1
"116","Indian","a0900043000135387  ",NA,NA,NA,NA,NA,NA,NA,NA,NA,1,0,0,1,0
"117","Indian","a0900043000135393  ",NA,NA,NA,NA,NA,NA,NA,NA,NA,1,1,0,1,0
"118","Indian","a0900043000135394  ",NA,NA,NA,NA,NA,NA,NA,NA,NA,1,1,0,0,1
"119","Indian","a0900043000135397  ",NA,NA,NA,NA,NA,NA,NA,NA,NA,1,0,0,0,0
"120","Indian","a0900043000135416  ",NA,NA,NA,NA,NA,NA,NA,NA,NA,1,0,0,0,0
"121","Indian","a0900043000135418  ",NA,NA,NA,NA,NA,NA,NA,NA,NA,NA,1,0,0,0
"122","Indian","a0900043000135425  ",NA,NA,NA,NA,NA,NA,NA,NA,NA,1,1,0,1,0
"123","Indian","a0900043000135428  ",NA,NA,NA,NA,NA,NA,NA,NA,NA,1,0,0,0,0
"124","Indian","a0900043000135434  ",NA,NA,NA,NA,NA,NA,NA,NA,NA,1,0,0,0,0
"125","Indian","a0900043000135444  ",NA,NA,NA,NA,NA,NA,NA,NA,NA,1,0,0,0,0
"126","Indian","a0900043000135445  ",NA,NA,NA,NA,NA,NA,NA,NA,NA,1,0,1,0,0
"127","Indian","a0900043000135447  ",NA,NA,NA,NA,NA,NA,NA,NA,NA,1,0,0,0,0
"128","Indian","a0900043000135453  ",NA,NA,NA,NA,NA,NA,NA,NA,NA,1,1,1,1,0
"129","Indian","a0900043000135468  ",NA,NA,NA,NA,NA,NA,NA,NA,NA,1,0,0,0,0
"130","Indian","a0900043000135475  ",NA,NA,NA,NA,NA,NA,NA,NA,NA,1,1,0,0,0
"131","Indian","a0900043000135481  ",NA,NA,NA,NA,NA,NA,NA,NA,NA,1,0,0,0,0
"132","Indian","a0900043000135482  ",NA,NA,NA,NA,NA,NA,NA,NA,NA,1,1,1,0,0
"133","Indian","a0900043000135493  ",NA,NA,NA,NA,NA,NA,NA,NA,NA,1,0,1,1,0
"134","Indian","a0900043000135494  ",NA,NA,NA,NA,NA,NA,NA,NA,NA,1,1,1,0,0
"135","Indian","a0900043000135499  ",NA,NA,NA,NA,NA,NA,NA,NA,NA,1,0,0,0,0
"136","Indian","a0900043000135514  ",NA,NA,NA,NA,NA,NA,NA,NA,NA,NA,1,0,1,1
"137","Indian","a0900043000135515  ",NA,NA,NA,NA,NA,NA,NA,NA,NA,NA,1,0,0,0
"138","Indian","a0900043000135552  ",NA,NA,NA,NA,NA,NA,NA,NA,NA,NA,1,1,0,0
"139","Indian","a0900043000135573  ",NA,NA,NA,NA,NA,NA,NA,NA,NA,NA,1,0,0,0
"140","Indian","a0900043000135575  ",NA,NA,NA,NA,NA,NA,NA,NA,NA,NA,1,0,0,0
"141","Indian","a0900043000135591  ",NA,NA,NA,NA,NA,NA,NA,NA,NA,NA,NA,1,0,0
"142","Indian","a0900043000135602  ",NA,NA,NA,NA,NA,NA,NA,NA,NA,NA,1,0,0,0
"143","Indian","a0900043000135604  ",NA,NA,NA,NA,NA,NA,NA,NA,NA,NA,1,0,0,0
"144","Indian","a0900043000135611  ",NA,NA,NA,NA,NA,NA,NA,NA,NA,NA,1,0,0,1
"145","Indian","a0900043000135613  ",NA,NA,NA,NA,NA,NA,NA,NA,NA,NA,1,0,0,0
"146","Indian","a0900043000135617  ",NA,NA,NA,NA,NA,NA,NA,NA,NA,NA,1,0,0,0
"147","Indian","a0900043000135628  ",NA,NA,NA,NA,NA,NA,NA,NA,NA,NA,1,0,0,0
"148","Indian","a0900043000135629  ",NA,NA,NA,NA,NA,NA,NA,NA,NA,NA,1,1,1,0
"149","Indian","a0900043000135656  ",NA,NA,NA,NA,NA,NA,NA,NA,NA,NA,1,0,1,0
"150","Indian","a0900043000135667  ",NA,NA,NA,NA,NA,NA,NA,NA,NA,NA,1,1,1,0
"151","Indian","a0900043000135677  ",NA,NA,NA,NA,NA,NA,NA,NA,NA,NA,1,0,0,0
"152","Indian","a0900043000135680  ",NA,NA,NA,NA,NA,NA,NA,NA,NA,NA,1,0,0,0
"153","Indian","a0900043000135685  ",NA,NA,NA,NA,NA,NA,NA,NA,NA,NA,1,1,0,0
"154","Indian","a0900043000135687  ",NA,NA,NA,NA,NA,NA,NA,NA,NA,NA,1,1,0,0
"155","Indian","a0900043000135696  ",NA,NA,NA,NA,NA,NA,NA,NA,NA,NA,1,1,0,0
"156","Indian","a0900043000135699  ",NA,NA,NA,NA,NA,NA,NA,NA,NA,NA,1,1,0,0
"157","Indian","a0900043000135700  ",NA,NA,NA,NA,NA,NA,NA,NA,NA,NA,1,1,0,0
"158","Indian","a0900043000135706  ",NA,NA,NA,NA,NA,NA,NA,NA,NA,NA,1,0,0,0
"159","Indian","a0900043000135709  ",NA,NA,NA,NA,NA,NA,NA,NA,NA,NA,1,0,0,0
"160","Indian","a0900043000135711  ",NA,NA,NA,NA,NA,NA,NA,NA,NA,NA,1,0,1,0
"161","Indian","a0900043000135719  ",NA,NA,NA,NA,NA,NA,NA,NA,NA,NA,1,0,0,0
"162","Indian","a0900043000135737  ",NA,NA,NA,NA,NA,NA,NA,NA,NA,NA,1,0,0,0
"163","Indian","a0900043000135738  ",NA,NA,NA,NA,NA,NA,NA,NA,NA,NA,1,1,0,1
"164","Indian","a0900043000135741  ",NA,NA,NA,NA,NA,NA,NA,NA,NA,NA,1,0,0,0
"165","Indian","a0900043000135755  ",NA,NA,NA,NA,NA,NA,NA,NA,NA,NA,1,0,0,0
"166","Indian","a0900043000135758  ",NA,NA,NA,NA,NA,NA,NA,NA,NA,NA,1,0,0,0
"167","Indian","a0900043000135761  ",NA,NA,NA,NA,NA,NA,NA,NA,NA,NA,1,1,0,0
"168","Indian","a0900043000135764  ",NA,NA,NA,NA,NA,NA,NA,NA,NA,NA,1,0,0,0
"169","Indian","a0900043000135765  ",NA,NA,NA,NA,NA,NA,NA,NA,NA,NA,1,0,0,0
"170","Indian","a0900043000135766  ",NA,NA,NA,NA,NA,NA,NA,NA,NA,NA,1,0,1,0
"171","Indian","a0900043000135783  ",NA,NA,NA,NA,NA,NA,NA,NA,NA,NA,1,0,0,0
"172","Indian","a0900043000135804  ",NA,NA,NA,NA,NA,NA,NA,NA,NA,NA,1,1,0,0
"173","Indian","a0900043000135809  ",NA,NA,NA,NA,NA,NA,NA,NA,NA,NA,1,0,1,1
"174","Indian","a0900043000135858  ",NA,NA,NA,NA,NA,NA,NA,NA,NA,NA,1,1,0,0
"175","Indian","a0900043000135870  ",NA,NA,NA,NA,NA,NA,NA,NA,NA,NA,1,1,0,0
"176","Indian","a0900043000135872  ",NA,NA,NA,NA,NA,NA,NA,NA,NA,NA,1,0,0,0
"177","Indian","a0900043000135882  ",NA,NA,NA,NA,NA,NA,NA,NA,NA,NA,1,1,0,0
"178","Indian","a0900043000135897  ",NA,NA,NA,NA,NA,NA,NA,NA,NA,NA,1,0,0,0
"179","Indian","a0900043000135898  ",NA,NA,NA,NA,NA,NA,NA,NA,NA,NA,1,0,0,0
"180","Indian","a0900043000135899  ",NA,NA,NA,NA,NA,NA,NA,NA,NA,NA,1,0,0,0
"181","Indian","a0900043000135901  ",NA,NA,NA,NA,NA,NA,NA,NA,NA,NA,1,0,0,0
"182","Indian","a0900043000135905  ",NA,NA,NA,NA,NA,NA,NA,NA,NA,NA,1,0,0,0
"183","Indian","a0900043000135907  ",NA,NA,NA,NA,NA,NA,NA,NA,NA,NA,1,1,0,0
"184","Indian","a0900043000135912  ",NA,NA,NA,NA,NA,NA,NA,NA,NA,NA,1,1,0,1
"185","Indian","a0900043000135913  ",NA,NA,NA,NA,NA,NA,NA,NA,NA,NA,1,0,0,1
"186","Indian","a0900043000135925  ",NA,NA,NA,NA,NA,NA,NA,NA,NA,NA,1,0,1,1
"187","Indian","a0900043000135943  ",NA,NA,NA,NA,NA,NA,NA,NA,NA,NA,1,0,0,0
"188","Indian","a0900043000135944  ",NA,NA,NA,NA,NA,NA,NA,NA,NA,NA,1,0,0,0
"189","Indian","a0900043000135953  ",NA,NA,NA,NA,NA,NA,NA,NA,NA,NA,1,0,0,0
"190","Indian","a0900043000135962  ",NA,NA,NA,NA,NA,NA,NA,NA,NA,NA,1,0,0,0
"191","Indian","a0900043000135965  ",NA,NA,NA,NA,NA,NA,NA,NA,NA,NA,1,0,0,0
"192","Indian","a0900043000135970  ",NA,NA,NA,NA,NA,NA,NA,NA,NA,NA,1,0,0,0
"193","Indian","a0900043000135976  ",NA,NA,NA,NA,NA,NA,NA,NA,NA,NA,1,0,0,0
"194","Indian","a0900043000135985  ",NA,NA,NA,NA,NA,NA,NA,NA,NA,NA,1,0,0,0
"195","Indian","a0900043000135995  ",NA,NA,NA,NA,NA,NA,NA,NA,NA,NA,1,0,0,0
"196","Indian","a0900067000077026  ",1,0,0,0,0,0,0,0,0,0,0,0,0,0
"197","Indian","a0900067000077027  ",NA,1,0,0,0,0,0,0,0,0,0,0,0,0
"198","Indian","a0900067000077028  ",1,0,0,0,0,0,0,0,0,0,0,0,0,0
"199","Indian","a0900067000077029  ",NA,1,0,0,0,0,0,0,0,0,0,0,0,0
"200","Indian","a0900067000077085  ",1,0,0,0,0,0,0,0,0,0,0,0,0,0
"201","Indian","a0900067000077137  ",NA,NA,NA,NA,1,0,1,1,0,0,0,0,0,0
"202","Indian","a0900067000077143  ",NA,NA,NA,NA,NA,NA,NA,NA,NA,1,0,0,0,0
"203","Indian","a0900067000077209  ",NA,1,0,0,0,0,0,0,0,0,0,0,0,0
"204","Indian","a0900067000077330  ",NA,NA,1,0,0,0,0,0,0,0,0,0,0,0
"205","Indian","a0900067000077354  ",1,0,0,0,0,0,0,0,0,0,0,0,0,0
"206","Indian","a0900067000077380  ",NA,1,0,0,0,0,0,0,0,0,0,0,0,0
"207","Indian","a0900067000077402  ",NA,NA,1,0,1,0,1,1,1,1,1,1,0,0
"208","Indian","a0900067000077439  ",NA,NA,NA,1,0,0,0,0,0,1,1,1,0,0
"209","Indian","a0900067000077488  ",NA,NA,NA,1,1,1,0,0,0,0,0,0,0,0
"210","Indian","a0900067000077494  ",1,0,0,0,0,0,0,0,0,0,0,0,0,0
"211","Indian","a0900067000080002  ",1,0,0,0,0,1,0,0,1,1,0,0,0,0
"212","Indian","a0900067000080018  ",1,0,0,0,0,0,0,0,0,0,0,0,0,0
"213","Indian","a0900067000080044  ",1,0,0,0,0,1,0,0,0,0,0,0,0,0
"214","Indian","a0900067000080047  ",1,1,1,1,0,0,0,0,0,0,0,0,0,0
"215","Indian","a0900067000080053  ",1,0,0,1,0,0,0,0,0,0,0,0,0,0
"216","Indian","a0900067000080055  ",1,0,0,0,0,0,0,0,0,0,0,0,0,0
"217","Indian","a0900067000080101  ",1,0,1,0,1,1,0,0,0,0,0,0,0,0
"218","Indian","a0900067000080109  ",1,0,0,0,0,0,0,0,0,0,0,0,0,0
"219","Indian","a0900067000080112  ",1,1,0,0,0,0,0,0,0,0,0,0,0,0
"220","Indian","a0900067000080118  ",1,0,0,1,1,0,0,0,0,0,0,0,0,0
"221","Indian","a0900067000080128  ",1,0,1,1,1,0,0,1,1,1,1,1,0,1
"222","Indian","a0900067000080153  ",1,1,0,0,0,0,1,1,1,1,1,1,0,1
"223","Indian","a0900067000080172  ",1,0,0,0,0,0,0,0,0,0,0,0,0,0
"224","Indian","a0900067000080187  ",1,1,0,0,0,0,0,0,0,0,0,0,0,0
"225","Indian","a0900067000080197  ",1,0,0,1,0,0,0,0,0,0,0,0,0,0
"226","Indian","a0900067000080200  ",1,1,0,0,0,1,1,0,0,0,0,0,0,0
"227","Indian","a0900067000080216  ",1,0,0,0,0,0,0,0,1,0,0,0,0,0
"228","Indian","a0900067000080218  ",1,1,1,1,1,0,0,0,0,0,0,0,0,0
"229","Indian","a0900067000080231  ",1,0,0,0,1,0,0,0,0,0,0,0,0,0
"230","Indian","a0900067000080267  ",1,1,0,0,1,0,0,0,0,0,0,0,0,0
"231","Indian","a0900067000080291  ",1,1,0,0,0,0,0,0,0,0,0,0,0,0
"232","Indian","a0900067000080302  ",1,1,1,1,0,0,0,0,0,0,0,0,0,0
"233","Indian","a0900067000080312  ",1,1,1,0,0,1,0,0,0,0,0,0,0,0
"234","Indian","a0900067000080320  ",1,0,0,1,0,1,0,0,0,1,1,0,0,0
"235","Indian","a0900067000080331  ",1,0,0,0,0,0,0,0,0,0,0,0,0,0
"236","Indian","a0900067000080346  ",1,0,0,1,0,0,0,0,0,0,0,0,0,0
"237","Indian","a0900067000080358  ",1,0,0,1,1,1,0,0,0,0,0,0,0,0
"238","Indian","a0900067000080365  ",1,0,0,0,0,0,0,0,0,1,0,0,0,0
"239","Indian","a0900067000080370  ",1,0,0,0,0,0,0,0,0,0,0,0,0,0
"240","Indian","a0900067000080391  ",1,0,0,0,0,0,0,0,0,0,0,0,0,0
"241","Indian","a0900067000080442  ",1,0,0,0,0,0,0,0,0,1,0,1,0,0
"242","Indian","a0900067000080455  ",1,0,1,1,0,0,0,0,0,0,0,0,0,0
"243","Indian","a0900067000080457  ",1,1,1,1,0,0,0,0,0,0,0,0,0,0
"244","Indian","a0900067000080460  ",1,0,0,0,0,0,0,0,0,0,0,0,0,0
"245","Indian","a0900067000080511  ",NA,1,0,0,0,0,0,0,0,0,0,0,0,0
"246","Indian","a0900067000080519  ",NA,1,0,1,0,0,0,0,0,0,0,0,0,0
"247","Indian","a0900067000080534  ",NA,1,0,0,0,0,0,0,0,0,0,0,0,0
"248","Indian","a0900067000080587  ",NA,1,0,0,1,1,0,0,0,0,0,0,0,0
"249","Indian","a0900067000080618  ",NA,1,0,0,0,0,0,0,0,0,0,0,0,0
"250","Indian","a0900067000080634  ",NA,1,1,0,0,0,0,0,0,0,0,0,0,0
"251","Indian","a0900067000080650  ",NA,1,1,0,1,1,0,0,0,0,0,0,0,0
"252","Indian","a0900067000080652  ",NA,1,0,0,0,0,0,0,0,0,0,0,0,0
"253","Indian","a0900067000080658  ",NA,1,0,0,1,0,0,0,0,0,0,0,0,0
"254","Indian","a0900067000080659  ",NA,1,0,0,1,0,0,0,0,0,0,0,0,0
"255","Indian","a0900067000080689  ",NA,1,0,0,0,0,0,0,0,0,0,0,0,0
"256","Indian","a0900067000080708  ",NA,1,0,0,0,1,0,0,1,1,0,1,1,0
"257","Indian","a0900067000080725  ",NA,1,0,0,0,0,0,0,0,1,1,0,0,0
"258","Indian","a0900067000080740  ",NA,1,0,1,1,1,1,1,0,0,0,0,0,0
"259","Indian","a0900067000080755  ",NA,1,0,0,1,0,0,0,0,0,0,0,0,0
"260","Indian","a0900067000080778  ",NA,1,1,0,1,0,0,1,0,0,0,0,0,0
"261","Indian","a0900067000080878  ",NA,1,0,0,0,0,0,0,0,0,0,0,0,0
"262","Indian","a0900067000080890  ",NA,1,0,0,0,0,0,0,0,0,0,0,0,0
"263","Indian","a0900067000080935  ",NA,1,0,0,0,0,0,0,0,0,0,0,0,0
"264","Indian","a0900067000080936  ",NA,1,0,0,1,1,1,0,1,0,0,0,0,0
"265","Indian","a0900067000080962  ",NA,1,0,0,0,0,0,0,0,0,0,0,0,0
"266","Indian","a0900067000084883  ",NA,1,0,1,1,0,0,0,0,0,0,0,0,0
"267","Indian","a0900067000085006  ",NA,1,0,0,0,0,0,0,0,0,0,0,0,0
"268","Indian","a0900067000085011  ",1,0,1,0,0,0,0,0,0,0,0,0,0,0
"269","Indian","a0900067000085025  ",NA,1,0,0,0,0,0,0,0,0,0,0,0,0
"270","Indian","a0900067000085029  ",NA,1,0,0,0,0,0,0,0,0,0,0,0,0
"271","Indian","a0900067000085035  ",NA,NA,NA,NA,1,1,1,1,0,1,0,0,0,0
"272","Indian","a0900067000085040  ",NA,NA,NA,NA,1,1,0,1,1,0,0,0,0,0
"273","Indian","a0900067000085042  ",NA,NA,1,0,0,0,0,0,0,0,0,0,0,0
"274","Indian","a0900067000085060  ",1,0,0,0,0,0,0,0,0,0,0,0,0,0
"275","Indian","a0900067000085075  ",1,0,1,1,0,0,0,0,0,0,0,0,0,0
"276","Indian","a0900067000085086  ",NA,1,0,1,0,1,1,1,1,0,0,0,0,0
"277","Indian","a0900067000085089  ",NA,NA,1,1,1,1,0,0,0,0,0,0,0,0
"278","Indian","a0900067000085111  ",NA,NA,1,1,0,0,0,0,0,0,0,0,0,0
"279","Indian","a0900067000085118  ",NA,NA,1,0,0,0,1,1,0,0,0,0,0,0
"280","Indian","a0900067000085133  ",NA,NA,NA,NA,NA,NA,NA,NA,NA,1,0,1,1,0
"281","Indian","a0900067000085185  ",NA,NA,NA,1,1,0,1,1,0,0,0,0,0,0
"282","Indian","a0900067000085197  ",1,1,0,0,0,0,0,0,0,0,0,0,0,0
"283","Indian","a0900067000085199  ",1,0,0,0,0,0,0,0,0,0,0,0,0,0
"284","Indian","a0900067000085208  ",NA,NA,NA,1,0,0,0,0,0,0,0,0,0,0
"285","Indian","a0900067000085211  ",1,0,0,1,1,0,0,0,1,1,1,0,1,0
"286","Indian","a0900067000085212  ",1,0,0,0,0,0,0,0,0,0,0,0,0,0
"287","Indian","a0900067000085219  ",NA,NA,NA,NA,NA,1,0,1,0,0,0,0,0,0
"288","Indian","a0900067000085250  ",1,1,0,0,0,0,0,0,0,0,0,0,0,0
"289","Indian","a0900067000085276  ",NA,NA,NA,NA,1,1,0,0,1,0,0,0,0,0
"290","Indian","a0900067000085293  ",NA,NA,NA,NA,NA,NA,1,1,0,0,0,0,0,0
"291","Indian","a0900067000085314  ",NA,NA,NA,NA,1,0,0,0,0,0,0,0,0,0
"292","Indian","a0900067000085328  ",1,0,0,0,1,0,0,0,0,0,0,0,0,0
"293","Indian","a0900067000085343  ",1,1,0,1,0,0,0,0,0,0,0,0,0,0
"294","Indian","a0900067000085348  ",1,0,0,0,0,0,0,0,0,0,0,0,0,0
"295","Indian","a0900067000085349  ",1,1,1,0,1,1,0,0,0,0,0,0,0,0
"296","Indian","a0900067000085360  ",1,0,1,0,0,0,0,0,0,0,0,0,0,0
"297","Indian","a0900067000085368  ",NA,1,0,0,0,0,0,0,0,0,0,0,0,0
"298","Indian","a0900067000085374  ",1,0,0,0,1,1,1,0,0,0,0,0,0,0
"299","Indian","a0900067000085377  ",1,0,1,1,1,1,0,1,0,0,0,0,0,0
"300","Indian","a0900067000085394  ",NA,1,0,0,0,1,0,0,1,0,0,1,1,0
"301","Indian","a0900067000085401  ",NA,1,0,1,0,0,0,0,0,0,0,0,0,0
"302","Indian","a0900067000085413  ",1,0,0,0,0,0,0,0,0,0,0,0,0,0
"303","Indian","a0900067000085430  ",NA,NA,NA,NA,1,0,1,1,0,0,0,0,0,0
"304","Indian","a0900067000085437  ",1,0,0,0,0,0,0,0,0,0,0,0,0,0
"305","Indian","a0900067000085440  ",1,0,0,1,0,0,0,0,0,0,0,0,0,0
"306","Indian","a0900067000085447  ",NA,1,0,0,0,0,0,0,0,0,0,0,0,0
"307","Indian","a0900067000085457  ",NA,NA,NA,1,0,1,0,0,0,0,0,0,0,0
"308","Indian","a0900067000085472  ",NA,1,0,0,0,0,0,0,0,0,0,0,0,0
"309","Indian","a0900067000085477  ",NA,1,0,0,0,0,0,0,0,0,0,0,0,0
"310","Indian","a0900067000116681  ",NA,NA,NA,NA,NA,1,1,0,0,0,1,0,0,0
"311","Indian","a0900067000116682  ",NA,NA,NA,NA,NA,1,1,1,0,0,0,0,0,0
"312","Indian","a0900067000116689  ",NA,NA,NA,NA,NA,1,0,1,0,0,0,0,0,0
"313","Indian","a0900067000116691  ",NA,NA,NA,NA,NA,1,0,0,0,0,0,0,0,0
"314","Indian","a0900067000116696  ",NA,NA,NA,NA,NA,1,0,0,0,0,0,0,0,0
"315","Indian","a0900067000116698  ",NA,NA,NA,NA,NA,1,1,1,0,0,0,1,0,0
"316","Indian","a0900067000116709  ",NA,NA,NA,NA,NA,1,0,1,0,0,0,0,0,0
"317","Indian","a0900067000116721  ",NA,NA,NA,NA,NA,1,0,0,0,0,0,0,0,0
"318","Indian","a0900067000116722  ",NA,NA,NA,NA,NA,1,0,0,1,0,0,0,0,0
"319","Indian","a0900067000116733  ",NA,NA,NA,NA,NA,1,0,0,0,0,0,0,0,0
"320","Indian","a0900067000116736  ",NA,NA,NA,NA,NA,1,0,0,0,1,1,1,0,0
"321","Indian","a0900067000116737  ",NA,NA,NA,NA,NA,1,1,0,0,0,0,0,0,0
"322","Indian","a0900067000116738  ",NA,NA,NA,NA,NA,1,0,0,0,0,0,0,0,0
"323","Indian","a0900067000116739  ",NA,NA,NA,NA,NA,1,0,0,0,0,0,0,0,0
"324","Indian","a0900067000116740  ",NA,NA,NA,NA,NA,1,0,1,0,0,0,0,0,0
"325","Indian","a0900067000116745  ",NA,NA,NA,NA,NA,1,1,0,0,0,0,0,0,0
"326","Indian","a0900067000116747  ",NA,NA,NA,NA,NA,1,0,0,0,0,0,0,0,0
"327","Indian","a0900067000116750  ",NA,NA,NA,NA,NA,1,0,1,0,0,0,0,0,0
"328","Indian","a0900067000116752  ",NA,NA,NA,NA,NA,1,0,0,0,0,0,0,0,0
"329","Indian","a0900067000116755  ",NA,NA,NA,NA,NA,1,0,0,0,0,0,0,0,0
"330","Indian","a0900067000116768  ",NA,NA,NA,NA,NA,1,0,0,0,0,1,0,0,0
"331","Indian","a0900067000116769  ",NA,NA,NA,NA,NA,1,0,0,0,0,0,0,0,0
"332","Indian","a0900067000116772  ",NA,NA,NA,NA,NA,1,0,0,0,0,0,0,0,0
"333","Indian","a0900067000116778  ",NA,NA,NA,NA,NA,1,0,0,0,0,0,0,0,0
"334","Indian","a0900067000116780  ",NA,NA,NA,NA,NA,1,0,1,0,0,0,0,0,0
"335","Indian","a0900067000121784  ",NA,NA,NA,NA,NA,1,0,0,0,1,0,0,0,0
"336","Indian","a0900067000121795  ",NA,NA,NA,NA,NA,1,0,1,1,0,1,1,0,0
"337","Indian","a0900067000121796  ",NA,NA,NA,NA,NA,1,0,0,0,1,1,0,0,0
"338","Indian","a0900067000121797  ",NA,NA,NA,NA,NA,1,0,1,0,0,0,0,0,0
"339","Indian","a0900067000121817  ",NA,NA,NA,NA,NA,1,0,0,0,0,0,0,0,0
"340","Indian","a0900067000121821  ",NA,NA,NA,NA,NA,1,0,0,1,0,0,0,1,0
"341","Indian","a0900067000121824  ",NA,NA,NA,NA,NA,1,0,1,1,1,1,0,0,1
"342","Indian","a0900067000121837  ",NA,NA,NA,NA,NA,1,0,0,1,1,0,0,0,0
"343","Indian","a0900067000121857  ",NA,NA,NA,NA,NA,1,0,1,0,0,0,0,0,0
"344","Indian","a0900067000121861  ",NA,NA,NA,NA,NA,1,0,1,0,0,0,0,0,0
"345","Indian","a0900067000121874  ",NA,NA,NA,NA,NA,1,0,0,0,0,0,1,1,0
"346","Indian","a0900067000121881  ",NA,NA,NA,NA,1,1,1,0,0,1,0,0,0,0
"347","Indian","a0900067000121882  ",NA,NA,NA,NA,NA,1,0,1,0,0,0,0,0,0
"348","Indian","a0900067000121884  ",NA,NA,NA,NA,1,1,1,0,0,0,0,0,0,0
"349","Indian","a0900067000121885  ",NA,NA,NA,NA,1,0,0,0,0,0,0,0,0,0
"350","Indian","a0900067000121887  ",NA,NA,NA,NA,1,0,0,0,0,0,0,0,0,0
"351","Indian","a0900067000121890  ",NA,NA,NA,NA,1,1,0,0,1,0,1,1,0,0
"352","Indian","a0900067000121896  ",NA,NA,NA,NA,1,0,0,0,0,0,0,0,0,0
"353","Indian","a0900067000121898  ",NA,NA,NA,NA,1,1,0,0,0,0,0,0,0,0
"354","Indian","a0900067000121899  ",NA,NA,NA,NA,1,0,0,0,0,0,0,0,0,0
"355","Indian","a0900067000121908  ",NA,NA,NA,NA,1,0,0,1,1,1,1,0,0,1
"356","Indian","a0900067000121910  ",NA,NA,NA,NA,1,0,0,0,0,0,0,0,0,0
"357","Indian","a0900067000121912  ",NA,NA,NA,NA,1,0,1,0,0,0,0,0,0,0
"358","Indian","a0900067000121913  ",NA,NA,NA,NA,1,0,1,0,0,0,0,0,0,0
"359","Indian","a0900067000121914  ",NA,NA,NA,NA,1,0,0,0,0,0,0,0,0,0
"360","Indian","a0900067000121915  ",NA,NA,NA,NA,1,0,0,1,1,0,0,1,0,0
"361","Indian","a0900067000121916  ",NA,NA,NA,NA,1,1,0,0,1,0,0,0,0,0
"362","Indian","a0900067000121917  ",NA,NA,NA,NA,1,0,0,0,0,0,0,0,0,0
"363","Indian","a0900067000121919  ",NA,NA,NA,NA,1,1,0,0,0,0,0,0,0,0
"364","Indian","a0900067000121923  ",NA,NA,NA,NA,1,0,0,1,0,0,0,0,0,0
"365","Indian","a0900067000121927  ",NA,NA,NA,NA,1,0,0,0,0,0,0,0,0,0
"366","Indian","a0900067000121929  ",NA,NA,NA,NA,1,1,0,0,0,0,0,0,0,0
"367","Indian","a0900067000121930  ",NA,NA,NA,NA,1,1,0,1,0,0,0,0,0,0
"368","Indian","a0900067000121931  ",NA,NA,NA,NA,1,0,0,0,0,0,0,0,0,0
"369","Indian","a0900067000121935  ",NA,NA,NA,NA,1,0,0,0,0,0,0,0,0,0
"370","Indian","a0900067000121936  ",NA,NA,NA,NA,1,1,0,0,0,1,0,0,0,0
"371","Indian","a0900067000121938  ",NA,NA,NA,NA,1,1,0,1,0,0,0,0,0,0
"372","Indian","a0900067000121942  ",NA,NA,NA,NA,1,1,0,1,0,0,0,0,0,0
"373","Indian","a0900067000121946  ",NA,NA,NA,NA,1,1,1,1,1,1,0,0,0,0
"374","Indian","a0900067000121948  ",NA,NA,NA,NA,1,0,0,0,0,0,0,0,0,0
"375","Indian","a0900067000121950  ",NA,NA,NA,NA,1,0,0,0,0,0,0,0,0,0
"376","Indian","a0900067000121951  ",NA,NA,NA,NA,1,1,0,0,0,0,0,0,0,0
"377","Indian","a0900067000121952  ",NA,NA,NA,NA,1,0,0,0,0,0,0,0,0,0
"378","Indian","a0900067000121956  ",NA,NA,NA,NA,1,0,0,0,0,0,0,0,0,0
"379","Indian","a0900067000121959  ",NA,NA,NA,NA,1,0,0,0,0,0,0,0,0,0
"380","Indian","a0900067000121960  ",NA,NA,NA,NA,1,0,0,0,0,0,0,0,0,0
"381","Indian","a0900067000121962  ",NA,NA,NA,NA,1,0,0,0,0,1,0,1,1,0
"382","Indian","a0900067000121963  ",NA,NA,NA,NA,1,0,0,0,0,0,0,0,0,0
"383","Indian","a0900067000121964  ",NA,NA,NA,NA,1,0,0,0,0,0,0,0,0,0
"384","Indian","a0900067000121965  ",NA,NA,NA,NA,1,0,1,0,0,0,0,0,0,0
"385","Indian","a0900067000121966  ",NA,NA,NA,NA,1,0,0,0,1,0,0,1,0,0
"386","Indian","a0900067000121969  ",NA,NA,NA,NA,1,1,0,0,0,0,1,0,0,0
"387","Indian","a0900067000121970  ",NA,NA,NA,NA,1,0,1,1,1,0,0,0,0,0
"388","Indian","a0900067000121971  ",NA,NA,NA,NA,1,0,0,0,1,0,0,1,0,0
"389","Indian","a0900067000121972  ",NA,NA,NA,NA,1,0,0,1,0,0,0,0,0,0
"390","Indian","a0900067000121974  ",NA,NA,NA,NA,1,1,0,0,0,0,0,0,0,0
"391","Indian","a0900067000121976  ",NA,NA,NA,NA,1,0,0,0,0,0,0,0,0,0
"392","Indian","a0900067000121977  ",NA,NA,NA,NA,1,0,0,0,0,0,0,0,0,0
"393","Indian","a0900067000121979  ",NA,NA,NA,NA,1,0,0,0,0,0,0,0,0,0
"394","Indian","a0900067000121980  ",NA,NA,NA,NA,1,1,0,1,1,1,1,1,0,1
"395","Indian","a0900067000122081  ",NA,NA,NA,NA,NA,1,0,0,0,0,0,0,0,0
"396","Indian","a0900067000122089  ",NA,NA,NA,NA,NA,1,0,0,1,0,1,1,0,0
"397","Indian","a0900067000122090  ",NA,NA,NA,NA,NA,1,1,0,0,0,0,0,0,0
"398","Indian","a0900067000122092  ",NA,NA,NA,NA,NA,1,0,1,0,0,0,0,0,0
"399","Indian","a0900067000122093  ",NA,NA,NA,NA,NA,1,0,0,0,0,0,0,0,0
"400","Indian","a0900067000122094  ",NA,NA,NA,NA,NA,1,0,0,0,0,0,0,0,0
"401","Indian","a0900067000122096  ",NA,NA,NA,NA,NA,1,0,0,0,0,0,0,0,0
"402","Indian","a0900067000122098  ",NA,NA,NA,NA,NA,1,0,1,0,0,0,0,0,0
"403","Indian","a0900067000122101  ",NA,NA,NA,NA,NA,1,1,0,0,0,0,0,0,0
"404","Indian","a0900067000122103  ",NA,NA,NA,NA,NA,1,0,0,0,0,0,0,0,0
"405","Indian","a0900067000122110  ",NA,NA,NA,NA,NA,1,0,0,0,0,1,1,0,0
"406","Indian","a0900067000122112  ",NA,NA,NA,NA,NA,1,1,1,0,0,0,0,0,0
"407","Indian","a0900067000122114  ",NA,NA,NA,NA,NA,1,0,0,0,1,1,0,0,0
"408","Indian","a0900067000122115  ",NA,NA,NA,NA,NA,1,0,0,1,1,0,1,0,0
"409","Indian","a0900067000122116  ",NA,NA,NA,NA,NA,1,0,0,0,0,1,0,0,0
"410","Indian","a0900067000122117  ",NA,NA,NA,NA,NA,1,0,0,0,0,0,0,0,0
"411","Indian","a0900067000122118  ",NA,NA,NA,NA,NA,1,1,1,0,0,0,0,0,0
"412","Indian","a0900067000122125  ",NA,NA,NA,NA,NA,1,0,0,0,0,0,0,0,0
"413","Indian","a0900067000122127  ",NA,NA,NA,NA,NA,1,0,0,0,0,0,0,0,0
"414","Indian","a0900067000122128  ",NA,NA,NA,NA,NA,1,1,0,1,0,1,0,0,0
"415","Indian","a0900067000122131  ",NA,NA,NA,NA,NA,1,0,1,0,1,0,0,0,0
"416","Indian","a0900067000122132  ",NA,NA,NA,NA,NA,1,0,1,0,0,0,0,0,0
"417","Indian","a0900067000122134  ",NA,NA,NA,NA,NA,1,1,1,1,0,0,0,0,1
"418","Indian","a0900067000122140  ",NA,NA,NA,NA,NA,1,0,0,1,0,0,0,0,0
"419","Indian","a0900067000122143  ",NA,NA,NA,NA,NA,1,0,1,1,0,0,0,0,0
"420","Indian","a0900067000122150  ",NA,NA,NA,NA,NA,1,0,0,0,0,0,0,0,0
"421","Indian","a0900067000122151  ",NA,NA,NA,NA,NA,1,1,0,1,0,1,0,0,0
"422","Indian","a0900067000122152  ",NA,NA,NA,NA,NA,1,0,0,0,0,0,0,0,0
"423","Indian","a0900067000122153  ",NA,NA,NA,NA,NA,1,0,0,1,0,1,0,0,0
"424","Indian","a0900067000122158  ",NA,NA,NA,NA,NA,1,0,0,1,0,0,0,1,0
"425","Indian","a0900067000122162  ",NA,NA,NA,NA,NA,1,0,0,1,0,0,0,0,0
"426","Indian","a0900067000122163  ",NA,NA,NA,NA,NA,1,1,0,0,0,0,0,0,0
"427","Indian","a0900067000122172  ",NA,NA,NA,NA,NA,1,0,0,0,1,1,0,1,0
"428","Indian","a0900067000122173  ",NA,NA,NA,NA,NA,1,0,1,1,0,0,1,0,0
"429","Indian","a0900067000122174  ",NA,NA,NA,NA,NA,1,0,1,1,1,1,0,0,0
"430","Indian","a0900067000122177  ",NA,NA,NA,NA,NA,1,0,0,0,0,0,0,0,0
"431","Indian","a0900067000122178  ",NA,NA,NA,NA,NA,1,0,0,0,0,0,0,0,0
"432","Indian","a0900067000122180  ",NA,NA,NA,NA,NA,1,0,0,0,0,0,0,0,0
"433","Indian","a0900067000122192  ",NA,NA,NA,NA,NA,NA,1,1,1,0,0,0,0,0
"434","Indian","a0900067000122487  ",NA,NA,NA,NA,NA,NA,1,0,1,0,0,0,0,0
"435","Indian","a0900067000122488  ",NA,NA,NA,NA,NA,NA,1,0,1,1,0,0,0,0
"436","Indian","a0900067000122495  ",NA,NA,NA,NA,NA,NA,1,0,0,1,0,0,0,0
"437","Indian","a0900067000122504  ",NA,NA,NA,NA,NA,NA,1,0,0,0,0,0,0,0
"438","Indian","a0900067000122505  ",NA,NA,NA,NA,NA,NA,1,0,0,0,0,0,0,0
"439","Indian","a0900067000122522  ",NA,NA,NA,NA,NA,NA,1,1,1,0,0,0,0,0
"440","Indian","a0900067000122531  ",NA,NA,NA,NA,NA,NA,1,0,0,0,1,0,1,0
"441","Indian","a0900067000122542  ",NA,NA,NA,NA,NA,NA,1,0,0,1,0,0,0,0
"442","Indian","a0900067000122544  ",NA,NA,NA,NA,NA,NA,1,1,0,0,0,0,0,0
"443","Indian","a0900067000122552  ",NA,NA,NA,NA,NA,NA,1,0,0,0,0,0,0,0
"444","Indian","a0900067000122561  ",NA,NA,NA,NA,NA,NA,1,0,0,1,1,0,0,0
"445","Indian","a0900067000122566  ",NA,NA,NA,NA,NA,NA,1,0,0,0,0,0,0,0
"446","Indian","a0900067000122570  ",NA,NA,NA,NA,NA,NA,1,0,0,0,0,0,0,0
"447","Indian","a0900067000125000  ",NA,NA,NA,NA,NA,NA,NA,NA,1,1,0,1,0,0
"448","Indian","a0900067000125007  ",NA,NA,NA,NA,NA,NA,NA,NA,1,1,0,0,0,0
"449","Indian","a0900067000125012  ",NA,NA,NA,NA,NA,NA,NA,NA,1,1,0,0,0,0
"450","Indian","a0900067000125015  ",NA,NA,NA,NA,NA,NA,NA,NA,1,0,0,0,0,0
"451","Indian","a0900067000125029  ",NA,NA,NA,NA,NA,NA,NA,NA,1,0,0,0,0,0
"452","Indian","a0900067000125067  ",NA,NA,NA,NA,NA,NA,NA,NA,1,1,0,0,0,0
"453","Indian","a0900067000125181  ",NA,NA,NA,NA,NA,NA,NA,1,0,0,0,0,0,0
"454","Indian","a0900067000125186  ",NA,NA,NA,NA,NA,NA,NA,1,0,1,1,1,0,0
"455","Indian","a0900067000125192  ",NA,NA,NA,NA,NA,NA,NA,1,0,0,0,0,0,0
"456","Indian","a0900067000125196  ",NA,NA,NA,NA,NA,NA,NA,1,0,0,0,0,0,0
"457","Indian","a0900067000125197  ",NA,NA,NA,NA,NA,NA,NA,1,0,0,0,0,0,0
"458","Indian","a0900067000125198  ",NA,NA,NA,NA,NA,NA,NA,1,1,0,0,0,0,0
"459","Indian","a0900067000125199  ",NA,NA,NA,NA,NA,NA,NA,1,1,1,1,0,0,0
"460","Indian","a0900067000125200  ",NA,NA,NA,NA,NA,NA,NA,1,0,0,0,0,0,0
"461","Indian","a0900067000125201  ",NA,NA,NA,NA,NA,NA,NA,1,0,0,0,0,0,0
"462","Indian","a0900067000125203  ",NA,NA,NA,NA,NA,NA,NA,1,0,1,0,0,0,0
"463","Indian","a0900067000125207  ",NA,NA,NA,NA,NA,NA,NA,1,1,0,0,0,0,0
"464","Indian","a0900067000125208  ",NA,NA,NA,NA,NA,NA,NA,1,0,0,0,0,0,0
"465","Indian","a0900067000125211  ",NA,NA,NA,NA,NA,NA,NA,1,0,0,0,1,0,0
"466","Indian","a0900067000125212  ",NA,NA,NA,NA,NA,NA,NA,1,0,1,1,1,0,0
"467","Indian","a0900067000125214  ",NA,NA,NA,NA,NA,NA,NA,1,1,0,0,0,0,0
"468","Indian","a0900067000125215  ",NA,NA,NA,NA,NA,NA,NA,1,0,1,1,0,0,0
"469","Indian","a0900067000125218  ",NA,NA,NA,NA,NA,NA,NA,1,0,0,0,0,0,0
"470","Indian","a0900067000125221  ",NA,NA,NA,NA,NA,NA,NA,1,0,1,0,0,0,0
"471","Indian","a0900067000125227  ",NA,NA,NA,NA,NA,NA,NA,1,0,0,0,0,0,0
"472","Indian","a0900067000125229  ",NA,NA,NA,NA,NA,NA,NA,1,0,0,0,0,0,0
"473","Indian","a0900067000125231  ",NA,NA,NA,NA,NA,NA,NA,1,0,0,0,0,0,0
"474","Indian","a0900067000125232  ",NA,NA,NA,NA,NA,NA,NA,1,0,0,0,0,0,0
"475","Indian","a0900067000125235  ",NA,NA,NA,NA,NA,NA,NA,1,0,0,0,0,0,0
"476","Indian","a0900067000125238  ",NA,NA,NA,NA,NA,NA,NA,1,0,0,0,0,0,0
"477","Indian","a0900067000125239  ",NA,NA,NA,NA,NA,NA,NA,1,1,0,0,0,0,0
"478","Indian","a0900067000125241  ",NA,NA,NA,NA,NA,NA,NA,1,0,1,0,0,0,0
"479","Indian","a0900067000125244  ",NA,NA,NA,NA,NA,NA,NA,1,0,0,0,0,0,0
"480","Indian","a0900067000125247  ",NA,NA,NA,NA,NA,NA,NA,1,0,0,0,0,0,0
"481","Indian","a0900067000125248  ",NA,NA,NA,NA,NA,NA,NA,1,1,0,1,0,0,0
"482","Indian","a0900067000125254  ",NA,NA,NA,NA,NA,NA,NA,1,1,1,1,1,0,0
"483","Indian","a0900067000125259  ",NA,NA,NA,NA,NA,NA,NA,1,1,0,0,0,0,0
"484","Indian","a0900067000125260  ",NA,NA,NA,NA,NA,NA,NA,1,0,0,0,0,0,0
"485","Indian","a0900067000125264  ",NA,NA,NA,NA,NA,NA,NA,1,1,0,0,0,0,1
"486","Indian","a0900067000125265  ",NA,NA,NA,NA,NA,NA,NA,1,0,0,0,0,0,0
"487","Indian","a0900067000125266  ",NA,NA,NA,NA,NA,NA,NA,1,1,0,0,0,0,0
"488","Indian","a0900067000125267  ",NA,NA,NA,NA,NA,NA,NA,1,1,0,0,0,0,0
"489","Indian","a0900067000125269  ",NA,NA,NA,NA,NA,NA,NA,1,0,0,0,0,0,0
"490","Indian","a0900067000125270  ",NA,NA,NA,NA,NA,NA,NA,1,0,0,0,0,0,0
"491","Indian","a0900067000125271  ",NA,NA,NA,NA,NA,NA,NA,1,0,0,0,0,0,0
"492","Indian","a0900067000125272  ",NA,NA,NA,NA,NA,NA,NA,1,0,0,0,0,0,0
"493","Indian","a0900067000125277  ",NA,NA,NA,NA,NA,NA,NA,1,0,1,0,0,0,0
"494","Indian","a0900067000125286  ",NA,NA,NA,NA,NA,NA,NA,NA,1,0,0,0,0,0
"495","Indian","a0900067000125298  ",NA,NA,NA,NA,NA,NA,NA,NA,1,0,0,0,0,0
"496","Indian","a0900067000125312  ",NA,NA,NA,NA,NA,NA,NA,NA,1,0,0,0,0,0
"497","Indian","a0900067000125318  ",NA,NA,NA,NA,NA,NA,NA,NA,1,0,0,0,0,0
"498","Indian","a0900067000125332  ",NA,NA,NA,NA,NA,NA,NA,NA,1,0,0,0,0,0
"499","Indian","a0900067000125350  ",NA,NA,NA,NA,NA,NA,NA,NA,1,1,1,1,0,0
"500","Indian","a0900067000125366  ",NA,NA,NA,NA,NA,NA,NA,NA,1,1,1,0,1,1
"501","Indian","a0900067000125391  ",NA,NA,NA,NA,NA,NA,NA,NA,NA,1,0,0,0,0
"502","Indian","a0900067000125392  ",NA,NA,NA,NA,NA,NA,NA,NA,1,0,0,0,0,0
"503","Indian","a0900067000125399  ",NA,NA,NA,NA,NA,NA,NA,NA,1,0,1,0,0,0
"504","Indian","a0900067000125402  ",NA,NA,NA,NA,NA,NA,NA,NA,1,1,1,0,0,0
"505","Indian","a0900067000125411  ",NA,NA,NA,NA,NA,NA,NA,NA,1,1,0,0,0,0
"506","Indian","a0900067000125424  ",NA,NA,NA,NA,NA,NA,NA,NA,1,0,0,0,0,0
"507","Indian","a0900067000125430  ",NA,NA,NA,NA,NA,NA,NA,NA,1,0,0,0,0,0
"508","Indian","a0900067000125433  ",NA,NA,NA,NA,NA,NA,NA,NA,1,0,0,0,0,0
"509","Indian","a0900067000125435  ",NA,NA,NA,NA,NA,NA,NA,NA,1,0,0,0,0,0
"510","Indian","a0900067000125449  ",NA,NA,NA,NA,NA,NA,NA,NA,1,0,0,0,0,0
"511","Indian","a0900067000125458  ",NA,NA,NA,NA,NA,NA,NA,NA,1,0,0,0,0,1
"512","Indian","a0900067000125461  ",NA,NA,NA,NA,NA,NA,NA,NA,1,0,0,0,0,0
"513","Indian","a0900067000125462  ",NA,NA,NA,NA,NA,NA,NA,NA,1,0,0,0,0,0
"514","Indian","a0900067000125474  ",NA,NA,NA,NA,NA,NA,NA,NA,1,1,1,0,1,0
"515","Indian","a0900067000125475  ",NA,NA,NA,NA,NA,NA,NA,NA,1,0,0,0,0,0
"516","Indian","a0900067000125476  ",NA,NA,NA,NA,NA,NA,NA,NA,1,0,0,0,0,0
"517","Indian","a0900067000125479  ",NA,NA,NA,NA,NA,NA,NA,NA,1,0,0,0,0,0
"518","Indian","a0900067000125682  ",NA,NA,NA,NA,NA,NA,NA,NA,1,1,0,0,1,1
"519","Indian","a0900067000125789  ",NA,NA,NA,NA,NA,NA,1,0,0,0,0,0,0,0
"520","Indian","a0900067000125792  ",NA,NA,NA,NA,NA,NA,1,0,0,0,0,0,0,0
"521","Indian","a0900067000125802  ",NA,NA,NA,NA,NA,NA,1,1,1,0,0,0,0,0
"522","Indian","a0900067000125804  ",NA,NA,NA,NA,NA,NA,1,0,1,1,0,0,0,0
"523","Indian","a0900067000125810  ",NA,NA,NA,NA,NA,NA,1,0,0,0,0,0,0,0
"524","Indian","a0900067000125814  ",NA,NA,NA,NA,NA,NA,1,0,0,0,0,0,0,0
"525","Indian","a0900067000125819  ",NA,NA,NA,NA,NA,NA,1,0,0,0,0,1,0,0
"526","Indian","a0900067000125823  ",NA,NA,NA,NA,NA,NA,1,0,0,0,0,0,0,0
"527","Indian","a0900067000125827  ",NA,NA,NA,NA,NA,NA,1,1,0,1,1,0,0,0
"528","Indian","a0900067000125829  ",NA,NA,NA,NA,NA,NA,1,1,1,0,1,1,1,0
"529","Indian","a0900067000125833  ",NA,NA,NA,NA,NA,NA,1,0,0,0,0,0,0,0
"530","Indian","a0900067000125836  ",NA,NA,NA,NA,NA,NA,1,0,0,0,0,0,0,0
"531","Indian","a0900067000125837  ",NA,NA,NA,NA,NA,NA,1,0,0,0,0,0,0,0
"532","Indian","a0900067000125838  ",NA,NA,NA,NA,NA,NA,1,0,0,0,0,0,0,0
"533","Indian","a0900067000125844  ",NA,NA,NA,NA,NA,NA,1,0,0,0,0,0,0,0
"534","Indian","a0900067000125852  ",NA,NA,NA,NA,NA,NA,1,0,0,0,0,0,0,0
"535","Indian","a0900067000125854  ",NA,NA,NA,NA,NA,NA,1,0,0,1,1,1,0,0
"536","Indian","a0900067000125858  ",NA,NA,NA,NA,NA,NA,1,1,1,1,0,0,0,0
"537","Indian","a0900067000125859  ",NA,NA,NA,NA,NA,NA,1,0,1,1,0,0,0,0
"538","Indian","a0900067000125860  ",NA,NA,NA,NA,NA,NA,1,0,0,0,1,0,0,0
"539","Indian","a0900067000125870  ",NA,NA,NA,NA,NA,NA,1,0,0,0,0,0,0,0
"540","Indian","a0900067000125871  ",NA,NA,NA,NA,NA,NA,1,0,0,1,1,0,0,0
"541","Indian","a0900067000125874  ",NA,NA,NA,NA,NA,NA,1,0,0,0,0,0,0,0
"542","Indian","a0900067000125875  ",NA,NA,NA,NA,NA,NA,1,1,0,0,0,0,0,0
"543","Indian","a0900067000125879  ",NA,NA,NA,NA,NA,NA,1,0,1,1,0,0,0,1
"544","Indian","a0900067000125963  ",NA,NA,NA,NA,NA,NA,NA,1,0,0,1,1,0,0
"545","Indian","a0900067000125964  ",NA,NA,NA,NA,NA,NA,NA,1,0,0,0,0,0,0
"546","Indian","a0982000403059689  ",NA,NA,NA,NA,NA,NA,NA,NA,NA,NA,NA,1,0,0
"547","Indian","a0982000403059704  ",NA,NA,NA,NA,NA,NA,NA,NA,NA,NA,NA,1,0,0
"548","Indian","a0982000403059733  ",NA,NA,NA,NA,NA,NA,NA,NA,NA,NA,NA,1,0,0
"549","Indian","a0982000403060049  ",1,1,0,0,0,0,0,0,0,0,0,0,0,0
"550","Indian","a0982000403060466  ",NA,NA,NA,1,0,0,0,0,0,0,0,0,0,0
"551","Indian","a0982000403060491  ",NA,1,0,0,0,0,0,0,0,0,0,0,0,0
"552","Indian","a0982000403060504  ",NA,NA,1,0,0,0,0,0,0,0,0,0,0,0
"553","Indian","a0982000406260033  ",NA,NA,NA,NA,NA,NA,NA,NA,NA,NA,1,0,0,0
"554","Indian","a0982000407049999  ",NA,NA,NA,1,0,0,0,0,0,0,0,0,0,0
"555","Indian","a0982000407050005  ",NA,NA,NA,1,0,0,0,0,0,0,0,0,0,0
"556","Indian","a0982000407050027  ",NA,NA,NA,1,0,0,0,0,0,0,0,0,0,0
"557","Indian","a0982000407050039  ",NA,NA,NA,1,0,1,0,1,1,1,0,1,0,0
"558","Indian","a0982000407050042  ",NA,NA,NA,1,0,0,0,0,0,0,0,0,0,0
"559","Indian","a0982000407050052  ",NA,NA,NA,1,0,0,1,1,1,1,1,0,0,0
"560","Indian","a0982000407050059  ",NA,NA,NA,1,0,0,0,1,0,1,0,0,0,0
"561","Indian","a0982000407050062  ",NA,NA,NA,1,0,0,0,1,0,1,0,1,0,0
"562","Indian","a0982000407050074  ",NA,NA,1,0,0,0,0,0,0,1,0,0,0,0
"563","Indian","a0982000407050075  ",NA,NA,1,0,0,0,0,0,0,0,0,0,0,0
"564","Indian","a0982000407050095  ",NA,NA,1,0,0,0,0,0,0,0,0,0,0,0
"565","Indian","a0982000407050112  ",NA,NA,1,0,1,0,0,0,0,0,0,0,0,0
"566","Indian","a0982000407050114  ",NA,NA,1,0,1,0,0,0,0,0,1,0,0,0
"567","Indian","a0982000407050119  ",NA,NA,1,1,1,1,0,0,0,0,0,0,0,0
"568","Indian","a0982000407050131  ",NA,NA,1,0,0,0,0,1,1,0,0,0,0,0
"569","Indian","a0982000407050133  ",NA,NA,1,1,1,0,1,1,0,0,0,0,0,0
"570","Indian","a0982000407050138  ",NA,NA,1,0,0,0,0,0,0,0,0,0,0,0
"571","Indian","a0982000407050147  ",NA,NA,1,0,1,1,0,1,0,0,0,0,0,0
"572","Indian","a0982000407050148  ",NA,NA,1,1,0,0,1,0,1,0,0,0,0,0
"573","Indian","a0982000407050153  ",NA,NA,1,0,0,0,0,0,0,0,0,0,0,0
"574","Indian","a0982000407050154  ",NA,NA,1,0,0,0,0,0,0,0,0,0,0,0
"575","Indian","a0982000407050158  ",NA,NA,1,0,1,0,0,0,0,0,0,0,0,0
"576","Indian","a0982000407050285  ",NA,NA,1,0,0,0,0,0,0,0,0,0,0,0
"577","Indian","a0982000407050349  ",NA,NA,1,0,0,1,0,0,0,0,0,0,0,0
"578","Indian","a0982000407050375  ",NA,NA,NA,1,0,0,0,0,0,0,0,0,0,0
"579","Indian","a0982000407050377  ",NA,NA,NA,1,0,0,0,0,0,0,0,0,0,0
"580","Indian","a0982000407050382  ",NA,NA,NA,1,0,0,0,0,0,0,0,0,0,0
"581","Indian","a0982000407050386  ",NA,NA,NA,1,0,0,0,0,0,0,0,0,0,0
"582","Indian","a0982000407050388  ",NA,NA,NA,1,0,0,0,0,0,0,0,0,0,0
"583","Indian","a0982000407050397  ",NA,NA,NA,1,0,0,0,0,0,0,0,0,0,0
"584","Indian","a0982000407050398  ",NA,NA,NA,1,0,1,0,0,0,0,0,0,0,0
"585","Indian","a0982000407050406  ",NA,NA,NA,1,0,0,0,0,0,0,0,0,0,0
"586","Indian","a0982000407050411  ",NA,NA,NA,1,0,1,0,0,0,0,1,0,0,0
"587","Indian","a0982000407050426  ",NA,NA,NA,1,1,0,0,0,0,0,0,0,0,0
"588","Indian","a0982000407050431  ",NA,NA,NA,1,0,0,0,0,0,0,0,0,0,0
"589","Indian","a0982000407050435  ",NA,NA,NA,1,1,1,1,1,0,1,0,0,0,0
"590","Indian","a0982000407050441  ",NA,NA,NA,1,0,0,0,0,0,0,0,0,0,0
"591","Indian","a0982000407050447  ",NA,NA,NA,1,1,0,0,0,0,0,0,0,0,0
"592","Indian","a0982000407050449  ",NA,NA,NA,1,0,0,0,0,0,0,0,0,0,0
"593","Indian","a0982000407050453  ",NA,NA,NA,1,0,0,0,0,0,0,0,0,0,0
"594","Indian","a0982000407050454  ",NA,NA,NA,1,0,1,0,1,1,0,1,0,0,1
"595","Indian","a0982000407050464  ",NA,NA,NA,1,0,0,0,0,0,0,0,0,0,0
"596","Indian","a0982000407050473  ",NA,NA,NA,1,0,1,0,1,0,0,0,0,0,0
"597","Indian","a0982000407050479  ",NA,NA,NA,1,0,0,0,0,0,0,0,0,0,0
"598","Indian","a0982000407050481  ",NA,NA,NA,1,0,0,0,0,0,0,0,0,0,0
"599","Indian","a0982000407050485  ",NA,NA,NA,1,0,0,0,0,0,0,0,0,0,0
"600","Indian","a0982000407050486  ",NA,NA,NA,1,0,0,0,0,0,0,0,0,0,0
"601","Indian","a0982000407050487  ",NA,NA,NA,1,0,0,0,0,0,0,0,0,0,0
"602","Indian","a0982000407050490  ",NA,NA,NA,1,0,0,0,1,0,0,0,0,0,0
"603","Indian","a0982000407050493  ",NA,NA,NA,1,1,0,0,0,0,0,0,0,0,0
"604","Indian","a0982000407050494  ",NA,NA,NA,1,0,1,0,0,1,1,0,0,0,0
"605","Indian","a0982000407050497  ",NA,NA,NA,1,0,0,0,0,0,0,0,0,0,0
"606","Indian","a0982000407050498  ",NA,NA,NA,1,0,0,0,0,0,0,0,0,0,0
"607","Indian","a0982000407050504  ",NA,NA,NA,1,0,0,0,1,0,0,0,0,0,0
"608","Indian","a0982000407050505  ",NA,NA,NA,1,1,0,0,0,0,0,0,1,0,0
"609","Indian","a0982000407050507  ",NA,NA,NA,1,0,0,0,1,0,0,0,0,0,0
"610","Indian","a0982000407050508  ",NA,NA,NA,1,0,0,0,0,0,0,0,0,0,0
"611","Indian","a0982000407050509  ",NA,NA,NA,1,1,1,1,1,0,1,1,1,0,0
"612","Indian","a0982000407050511  ",NA,NA,NA,1,0,0,0,0,0,0,0,0,0,0
"613","Indian","a0982000407050517  ",NA,NA,NA,1,0,0,0,0,1,0,0,0,0,0
"614","Indian","a0982000407050518  ",NA,NA,NA,1,0,0,1,0,0,0,0,0,0,0
"615","Indian","a0982000407050519  ",NA,NA,NA,1,0,0,0,1,0,0,0,0,0,0
"616","Indian","a0982000407050526  ",NA,NA,NA,1,1,0,0,0,0,0,0,0,0,0
"617","Indian","a0982000407050528  ",NA,NA,NA,1,0,0,0,0,1,1,1,0,1,0
"618","Indian","a0982000407050529  ",NA,NA,NA,1,0,0,0,0,0,0,0,0,0,0
"619","Indian","a0982000407050532  ",NA,NA,NA,1,0,0,0,1,0,1,0,0,1,0
"620","Indian","a0982000407050533  ",NA,NA,NA,1,0,0,0,0,0,0,0,0,0,0
"621","Indian","a0982000407050534  ",NA,NA,NA,1,0,1,0,0,1,1,0,1,1,0
"622","Indian","a0982000407050539  ",NA,NA,NA,1,0,1,0,1,0,0,0,0,0,0
"623","Indian","a0982000407050540  ",NA,NA,NA,1,0,1,0,0,1,0,0,0,0,0
"624","Indian","a0982000407050541  ",NA,NA,NA,1,0,0,0,0,0,0,0,0,0,0
"625","Indian","a0982000407050544  ",NA,NA,NA,1,0,1,0,0,0,0,0,0,0,0
"626","Indian","a0982000407050547  ",NA,NA,NA,1,0,0,0,0,0,0,0,0,0,0
"627","Indian","a0982000407050548  ",NA,NA,NA,1,0,0,1,1,0,0,0,0,0,0
"628","Indian","a0982000407050549  ",NA,NA,NA,1,0,0,0,0,0,0,0,0,0,0
"629","Indian","a0982000407050551  ",NA,NA,NA,1,0,0,0,0,0,0,0,0,0,0
"630","Indian","a0982000407050552  ",NA,NA,NA,NA,1,0,0,0,0,0,0,0,0,0
"631","Indian","a0982000407050554  ",NA,NA,NA,1,0,0,0,0,0,0,0,0,0,0
"632","Indian","a0982000407050558  ",NA,NA,NA,1,0,0,0,0,0,0,0,0,0,0
"633","Indian","a0982000407050560  ",NA,NA,NA,1,1,0,0,0,0,0,0,0,0,0
"634","Indian","a0982000407050562  ",NA,NA,NA,1,0,0,0,0,0,0,0,0,0,0
"635","Indian","a0982000407050564  ",NA,NA,NA,1,0,0,0,0,0,0,0,0,0,0
"636","Indian","a0982000407050567  ",NA,NA,NA,1,1,0,0,0,0,0,0,0,0,0
"637","Indian","a0982000407050568  ",NA,NA,NA,1,0,0,0,0,0,0,0,0,0,0
"638","Indian","a0982000407050569  ",NA,NA,NA,1,0,0,0,0,0,1,1,0,0,0
"639","Indian","a0982000407050573  ",NA,NA,NA,1,1,0,0,1,0,0,0,0,0,0
"640","Indian","a0982000407050574  ",NA,NA,NA,1,1,0,1,0,0,0,0,0,0,0
"641","Indian","a0982000407050576  ",NA,NA,NA,1,1,0,0,0,0,0,0,0,0,0
"642","Indian","a0982000407050577  ",NA,NA,NA,1,1,1,0,0,1,0,0,0,0,0
"643","Indian","a0982000407050799  ",NA,1,0,0,0,0,1,0,1,0,0,0,0,0
"644","Indian","a0982000407050817  ",NA,1,0,1,0,1,1,1,1,0,0,0,0,0
"645","Indian","a0982000407050844  ",NA,1,0,0,0,0,0,0,0,0,0,0,0,0
"646","Indian","a0982000407050893  ",NA,1,1,1,1,1,0,0,0,0,0,0,0,0
"647","Indian","a0982000407050901  ",NA,1,1,0,0,0,0,0,0,0,0,0,0,0
"648","Indian","a0982000407050914  ",NA,1,0,0,0,0,0,0,0,0,0,0,0,0
"649","Indian","a0982000407050926  ",NA,1,0,0,0,0,0,0,0,0,0,0,0,0
"650","Indian","a0982000407050930  ",NA,1,0,0,0,0,0,0,0,0,0,0,0,0
"651","Indian","a0982000407050933  ",NA,1,0,0,0,0,0,0,0,0,0,0,0,0
"652","Indian","a0982000407050945  ",NA,1,1,0,0,1,0,0,0,1,1,0,0,0
"653","Indian","a0982000407050953  ",NA,1,0,0,0,0,0,0,0,0,0,0,0,0
"654","Indian","a0982000407050954  ",NA,1,1,1,1,1,0,1,0,0,0,0,0,0
"655","Indian","a0982000407050955  ",NA,1,0,0,0,0,0,0,0,0,0,0,0,0
"656","Indian","a0982000407050970  ",NA,1,0,0,0,0,0,0,0,0,0,0,0,0
"657","Indian","a0982000407063135  ",NA,NA,NA,NA,1,1,0,0,0,0,0,0,0,0
"658","Indian","a0982000407063143  ",NA,NA,NA,NA,1,0,0,0,0,0,0,0,0,0
"659","Indian","a0982000407063145  ",NA,NA,NA,NA,1,1,0,0,0,0,0,0,0,0
"660","Indian","a0982000407063151  ",NA,NA,NA,NA,1,1,0,0,0,0,0,0,0,0
"661","Indian","a0982000407063153  ",NA,NA,NA,NA,1,1,0,0,1,0,0,0,0,0
"662","Indian","a0982000407063155  ",NA,NA,NA,NA,1,1,1,0,0,1,0,0,0,0
"663","Indian","a0982000407063174  ",NA,NA,NA,NA,1,0,0,0,0,0,0,0,0,0
"664","Indian","a0982000407063179  ",NA,NA,NA,NA,1,1,0,1,1,0,0,0,0,0
"665","Indian","a0982000407063180  ",NA,NA,NA,NA,1,0,0,0,0,1,0,0,0,0
"666","Indian","a0982000407063190  ",NA,NA,NA,NA,1,0,0,0,0,0,0,0,0,0
"667","Indian","a0982000407063194  ",NA,NA,NA,NA,1,1,1,1,0,1,1,1,0,1
"668","Indian","a0982000407063195  ",NA,NA,NA,NA,1,0,0,0,0,0,0,0,0,0
"669","Indian","a0982000407063197  ",NA,NA,NA,NA,1,0,0,0,0,0,0,0,0,0
"670","Indian","a0982000407063204  ",NA,NA,NA,NA,1,1,0,0,0,1,1,0,0,0
"671","Indian","a0982000407063220  ",NA,NA,NA,NA,1,1,0,0,0,0,1,0,0,0
"672","Indian","a0982000407063222  ",NA,NA,NA,NA,1,0,0,0,0,0,0,0,0,0
"673","Indian","a0982000407063229  ",NA,NA,NA,NA,1,0,0,0,0,0,0,0,0,0
"674","Indian","a0982000407063230  ",NA,NA,NA,NA,1,0,0,0,0,0,0,0,0,0
"675","Indian","a0982000407063274  ",NA,NA,NA,NA,NA,NA,NA,1,0,0,0,0,0,0
"676","Indian","a0982000407063537  ",NA,NA,NA,NA,1,1,0,0,0,0,0,0,0,0
"677","Indian","a0982000407063539  ",NA,NA,NA,NA,1,1,0,0,0,0,0,0,0,0
"678","Indian","a0982000407063540  ",NA,NA,NA,NA,1,0,0,0,0,0,0,0,0,0
"679","Indian","a0982000407063541  ",NA,NA,NA,NA,1,0,0,0,1,0,1,0,0,0
"680","Indian","a0982000407063550  ",NA,NA,NA,NA,1,0,0,0,0,0,0,0,0,0
"681","Indian","a0982000407063553  ",NA,NA,NA,NA,1,1,0,1,0,1,1,0,0,0
"682","Indian","a0982000407063554  ",NA,NA,NA,NA,1,1,0,1,0,1,0,1,1,1
"683","Indian","a0982000407063560  ",NA,NA,NA,NA,1,0,0,0,0,0,0,0,0,0
"684","Indian","a0982000407063562  ",NA,NA,NA,NA,1,0,0,1,0,0,0,0,0,0
"685","Indian","a0982000407063563  ",NA,NA,NA,NA,1,0,0,0,0,0,0,0,0,0
"686","Indian","a0982000407063564  ",NA,NA,NA,NA,1,1,0,0,0,1,1,0,1,0
"687","Indian","a0982000407063580  ",NA,NA,NA,NA,1,0,0,0,0,0,0,0,0,0
"688","Indian","a0982000407063581  ",NA,NA,NA,NA,1,0,1,0,0,0,0,0,0,0
"689","Indian","a0982000407063582  ",NA,NA,NA,NA,1,1,1,1,1,0,1,1,0,1
"690","Indian","a0982000407063583  ",NA,NA,NA,NA,1,1,1,0,0,0,1,0,0,0
"691","Indian","a0982000407063584  ",NA,NA,NA,NA,1,0,0,0,0,0,0,0,0,0
"692","Indian","a0982000407063585  ",NA,NA,NA,NA,1,0,0,1,1,1,0,0,1,0
"693","Indian","a0982000407063590  ",NA,NA,NA,NA,1,1,0,1,0,0,0,0,0,0
"694","Indian","a0982000407063591  ",NA,NA,NA,NA,1,1,0,0,0,0,0,0,0,0
"695","Indian","a0982000407063593  ",NA,NA,NA,NA,1,0,0,0,0,0,0,0,0,0
"696","Indian","a0982000407063599  ",NA,NA,NA,NA,1,0,0,0,0,0,0,0,0,0
"697","Indian","a0982000407063601  ",NA,NA,NA,NA,1,0,0,0,0,1,0,1,0,0
"698","Indian","a0982000407063607  ",NA,NA,NA,NA,1,0,1,0,0,0,0,0,0,0
"699","Indian","a0982000407063608  ",NA,NA,NA,NA,1,1,1,0,0,0,0,0,0,0
"700","Indian","a0982000407063609  ",NA,NA,NA,NA,1,0,1,1,0,1,1,0,0,0
"701","Indian","a0982000407063614  ",NA,NA,NA,NA,1,1,0,0,0,0,0,0,0,0
"702","Indian","a0982000407063616  ",NA,NA,NA,NA,1,1,1,0,0,0,0,0,0,0
"703","Indian","a0982000407063618  ",NA,NA,NA,NA,1,0,0,0,0,1,1,1,0,0
"704","Indian","a0982000407063627  ",NA,NA,NA,NA,1,0,0,0,0,0,0,0,0,0
"705","Indian","a0982000407063632  ",NA,NA,NA,NA,1,1,0,0,0,0,0,0,0,0
"706","Indian","a0982000407063633  ",NA,NA,NA,NA,1,1,1,1,0,0,1,0,0,0
"707","Indian","a0982000407063634  ",NA,NA,NA,NA,1,0,0,0,0,0,0,0,0,0
"708","Indian","a0982000407069455  ",NA,NA,1,1,1,0,0,0,0,0,0,0,0,0
"709","Indian","a0982000407069466  ",NA,NA,1,0,1,0,0,0,0,0,0,0,0,0
"710","Indian","a0982000407069468  ",NA,NA,1,0,0,0,0,0,0,0,0,0,0,0
"711","Indian","a0982000407069470  ",NA,NA,1,0,0,0,0,0,0,0,0,0,0,0
"712","Indian","a0982000407069483  ",NA,NA,1,0,0,0,0,0,0,0,0,0,0,0
"713","Indian","a0982000407069554  ",NA,NA,1,0,1,0,0,0,1,0,0,1,1,0
"714","Indian","a0982000407069657  ",NA,NA,1,0,0,0,0,0,0,0,0,0,0,0
"715","Indian","a0982000407069666  ",NA,NA,1,0,1,1,0,0,0,0,0,0,0,0
"716","Indian","a0982000407069667  ",NA,NA,1,0,0,0,0,0,0,0,0,0,0,0
"717","Indian","a0982000407069688  ",NA,NA,1,0,0,0,1,0,0,1,1,0,0,0
"718","Indian","a0982000407069696  ",NA,NA,1,0,1,0,0,0,0,0,0,0,0,0
"719","Indian","a0982000407069705  ",NA,NA,1,1,0,1,0,0,0,0,0,0,0,0
"720","Indian","a0982000407069713  ",NA,NA,1,0,0,0,0,0,0,0,0,0,0,0
"721","Indian","a0982000407069714  ",NA,NA,1,1,1,0,0,0,0,0,0,0,0,0
"722","Indian","a0982000407069718  ",NA,NA,1,1,0,1,0,0,0,0,0,0,0,0
"723","Indian","a0982000407069730  ",NA,NA,1,0,0,1,0,0,0,1,0,0,0,0
"724","Indian","a0982000407069733  ",NA,NA,1,0,0,0,0,1,0,0,0,0,0,0
"725","Indian","a0982000407069741  ",NA,NA,1,0,0,0,0,0,0,0,0,0,0,0
"726","Indian","a0982000407069747  ",NA,NA,1,0,1,0,0,0,0,0,0,0,1,0
"727","Indian","a0989001003769581  ",NA,NA,NA,NA,NA,NA,NA,1,0,1,1,0,0,0
"728","Indian","a0989001003769589  ",NA,NA,NA,NA,NA,NA,NA,NA,1,1,0,0,0,0
"729","Todd","a0900043000134041  ",NA,NA,NA,NA,NA,NA,NA,NA,NA,NA,NA,NA,1,1
"730","Todd","a0900043000134044  ",NA,NA,NA,NA,NA,NA,NA,NA,NA,NA,NA,NA,1,0
"731","Todd","a0900043000134053  ",NA,NA,NA,NA,NA,NA,NA,NA,NA,NA,NA,NA,1,0
"732","Todd","a0900043000134117  ",NA,NA,NA,NA,NA,NA,NA,NA,NA,NA,NA,NA,1,1
"733","Todd","a0900043000134398  ",NA,NA,NA,NA,NA,NA,NA,NA,NA,NA,NA,1,0,0
"734","Todd","a0900043000134424  ",NA,NA,NA,NA,NA,NA,NA,NA,NA,NA,NA,NA,1,0
"735","Todd","a0900043000134532  ",NA,NA,NA,NA,NA,NA,NA,NA,NA,NA,NA,1,0,0
"736","Todd","a0900043000134538  ",NA,NA,NA,NA,NA,NA,NA,NA,NA,NA,NA,1,0,0
"737","Todd","a0900043000134643  ",NA,NA,NA,NA,NA,NA,NA,NA,NA,NA,NA,1,1,1
"738","Todd","a0900043000134676  ",NA,NA,NA,NA,NA,NA,NA,NA,NA,NA,NA,1,0,0
"739","Todd","a0900043000134693  ",NA,NA,NA,NA,NA,NA,NA,NA,NA,NA,NA,1,0,0
"740","Todd","a0900043000134706  ",NA,NA,NA,NA,NA,NA,NA,NA,NA,NA,NA,1,1,0
"741","Todd","a0900043000134753  ",NA,NA,NA,NA,NA,NA,NA,NA,NA,NA,NA,1,0,0
"742","Todd","a0900043000135011  ",NA,NA,NA,NA,NA,NA,NA,NA,NA,1,0,0,0,0
"743","Todd","a0900043000135020  ",NA,NA,NA,NA,NA,NA,NA,NA,NA,1,0,1,1,0
"744","Todd","a0900043000135026  ",NA,NA,NA,NA,NA,NA,NA,NA,NA,1,0,1,1,1
"745","Todd","a0900043000135040  ",NA,NA,NA,NA,NA,NA,NA,NA,NA,1,0,0,0,0
"746","Todd","a0900043000135050  ",NA,NA,NA,NA,NA,NA,NA,NA,NA,1,0,0,0,0
"747","Todd","a0900043000135069  ",NA,NA,NA,NA,NA,NA,NA,NA,NA,1,0,0,0,0
"748","Todd","a0900043000135085  ",NA,NA,NA,NA,NA,NA,NA,NA,NA,1,0,0,0,1
"749","Todd","a0900043000135097  ",NA,NA,NA,NA,NA,NA,NA,NA,NA,1,0,0,0,0
"750","Todd","a0900043000135101  ",NA,NA,NA,NA,NA,NA,NA,NA,NA,1,1,0,1,1
"751","Todd","a0900043000135107  ",NA,NA,NA,NA,NA,NA,NA,NA,NA,1,0,0,0,0
"752","Todd","a0900043000135135  ",NA,NA,NA,NA,NA,NA,NA,NA,NA,1,0,0,0,0
"753","Todd","a0900043000135145  ",NA,NA,NA,NA,NA,NA,NA,NA,NA,1,0,0,0,0
"754","Todd","a0900043000135261  ",NA,NA,NA,NA,NA,NA,NA,NA,NA,1,0,0,0,0
"755","Todd","a0900043000135263  ",NA,NA,NA,NA,NA,NA,NA,NA,NA,1,0,0,0,1
"756","Todd","a0900043000135296  ",NA,NA,NA,NA,NA,NA,NA,NA,NA,1,0,1,1,0
"757","Todd","a0900043000135355  ",NA,NA,NA,NA,NA,NA,NA,NA,NA,1,0,0,0,1
"758","Todd","a0900043000135409  ",NA,NA,NA,NA,NA,NA,NA,NA,NA,1,1,1,0,0
"759","Todd","a0900043000135454  ",NA,NA,NA,NA,NA,NA,NA,NA,NA,1,0,0,0,0
"760","Todd","a0900043000135462  ",NA,NA,NA,NA,NA,NA,NA,NA,NA,1,0,0,0,0
"761","Todd","a0900043000135464  ",NA,NA,NA,NA,NA,NA,NA,NA,NA,1,1,0,1,0
"762","Todd","a0900043000135507  ",NA,NA,NA,NA,NA,NA,NA,NA,NA,NA,1,0,0,0
"763","Todd","a0900043000135543  ",NA,NA,NA,NA,NA,NA,NA,NA,NA,NA,1,1,1,0
"764","Todd","a0900043000135560  ",NA,NA,NA,NA,NA,NA,NA,NA,NA,NA,1,0,0,0
"765","Todd","a0900043000135625  ",NA,NA,NA,NA,NA,NA,NA,NA,NA,NA,1,1,1,0
"766","Todd","a0900043000135748  ",NA,NA,NA,NA,NA,NA,NA,NA,NA,NA,1,0,0,0
"767","Todd","a0900043000135834  ",NA,NA,NA,NA,NA,NA,NA,NA,NA,NA,1,0,0,0
"768","Todd","a0900043000135987  ",NA,NA,NA,NA,NA,NA,NA,NA,NA,NA,1,1,0,0
"769","Todd","a0900067000076510  ",1,0,0,0,0,0,0,0,0,0,0,0,0,0
"770","Todd","a0900067000076520  ",NA,NA,1,0,0,0,0,0,0,0,0,0,0,0
"771","Todd","a0900067000076528",NA,1,0,0,0,0,0,0,0,0,0,0,0,0
"772","Todd","a0900067000076557  ",1,0,0,0,0,0,0,0,0,0,0,0,0,0
"773","Todd","a0900067000076591  ",NA,NA,NA,1,0,0,0,0,0,0,0,0,0,0
"774","Todd","a0900067000076617",NA,1,0,0,0,0,0,0,0,0,0,0,0,0
"775","Todd","a0900067000076617  ",NA,NA,1,0,0,0,0,0,0,0,0,0,0,0
"776","Todd","a0900067000076638",NA,1,0,0,0,0,0,0,0,0,0,0,0,0
"777","Todd","a0900067000076666  ",1,0,0,0,0,0,0,0,0,0,0,0,0,0
"778","Todd","a0900067000076715",NA,1,0,0,0,0,0,0,0,0,0,0,0,0
"779","Todd","a0900067000076715  ",1,0,0,1,0,0,0,0,0,0,0,0,0,0
"780","Todd","a0900067000076824  ",NA,NA,NA,NA,1,1,0,0,0,0,0,0,0,0
"781","Todd","a0900067000076846  ",1,0,1,0,0,0,0,0,0,0,0,0,0,0
"782","Todd","a0900067000076896  ",NA,NA,NA,NA,NA,1,0,0,0,1,1,1,1,0
"783","Todd","a0900067000077233",NA,1,0,0,0,0,0,0,0,0,0,0,0,0
"784","Todd","a0900067000077233  ",NA,NA,NA,1,0,0,0,0,0,0,0,0,0,0
"785","Todd","a0900067000077292",NA,1,0,0,0,0,0,0,0,0,0,0,0,0
"786","Todd","a0900067000080024",NA,1,0,0,0,0,0,0,0,0,0,0,0,0
"787","Todd","a0900067000080024  ",1,0,1,0,0,0,0,0,0,0,0,0,0,0
"788","Todd","a0900067000080068  ",1,0,0,0,0,0,0,0,0,0,0,0,0,0
"789","Todd","a0900067000080070",NA,1,0,0,0,0,0,0,0,0,0,0,0,0
"790","Todd","a0900067000080070  ",1,0,0,0,0,0,0,0,0,0,0,0,0,0
"791","Todd","a0900067000080083  ",1,0,0,0,0,0,0,0,0,0,0,0,0,0
"792","Todd","a0900067000080086  ",NA,NA,NA,1,0,0,0,0,0,0,0,0,0,0
"793","Todd","a0900067000080087  ",1,0,1,0,0,0,0,0,0,0,0,0,0,0
"794","Todd","a0900067000080100",NA,1,0,0,0,0,0,0,0,0,0,0,0,0
"795","Todd","a0900067000080100  ",1,0,0,1,0,0,0,0,0,0,0,0,0,0
"796","Todd","a0900067000080104  ",1,0,0,0,0,0,0,0,0,0,0,0,0,0
"797","Todd","a0900067000080151  ",1,0,0,0,0,0,0,0,0,0,0,0,0,0
"798","Todd","a0900067000080160",1,0,0,0,0,0,0,0,0,0,0,0,0,0
"799","Todd","a0900067000080240",NA,1,0,0,0,0,0,0,0,0,0,0,0,0
"800","Todd","a0900067000080240  ",1,0,0,0,0,0,0,0,0,0,0,0,0,0
"801","Todd","a0900067000080252  ",1,0,1,0,0,0,0,0,0,0,0,0,0,0
"802","Todd","a0900067000080319  ",1,0,0,0,0,0,0,0,0,0,0,0,0,0
"803","Todd","a0900067000080355",1,0,0,0,0,0,0,0,0,0,0,0,0,0
"804","Todd","a0900067000080361  ",1,0,0,0,0,0,0,0,0,0,0,0,0,0
"805","Todd","a0900067000080390",NA,1,0,0,0,0,0,0,0,0,0,0,0,0
"806","Todd","a0900067000080390  ",NA,NA,1,0,0,0,0,0,0,0,0,0,0,0
"807","Todd","a0900067000080414",NA,1,0,0,0,0,0,0,0,0,0,0,0,0
"808","Todd","a0900067000080414  ",1,0,0,0,0,0,0,0,0,0,0,0,0,0
"809","Todd","a0900067000080524",NA,1,0,0,0,0,0,0,0,0,0,0,0,0
"810","Todd","a0900067000080524  ",1,0,1,0,0,0,0,0,0,0,0,0,0,0
"811","Todd","a0900067000080577  ",1,0,1,0,0,0,0,0,0,0,0,0,0,0
"812","Todd","a0900067000080597  ",1,0,0,0,0,0,0,0,0,0,0,0,0,0
"813","Todd","a0900067000080610  ",1,1,0,0,0,0,0,0,0,0,0,0,0,0
"814","Todd","a0900067000080668  ",1,0,0,0,0,0,0,0,0,1,0,0,0,0
"815","Todd","a0900067000080676  ",1,0,1,0,1,0,1,0,0,0,0,0,0,0
"816","Todd","a0900067000080677  ",1,1,0,1,0,0,0,0,0,0,0,0,0,0
"817","Todd","a0900067000080678  ",1,0,0,0,0,0,0,0,0,0,0,0,0,0
"818","Todd","a0900067000080824",NA,1,0,0,0,0,0,0,0,0,0,0,0,0
"819","Todd","a0900067000080824  ",1,0,0,0,0,0,0,0,0,0,0,0,0,0
"820","Todd","a0900067000080826  ",1,0,0,0,0,0,0,0,0,0,0,0,0,0
"821","Todd","a0900067000080843",NA,1,0,0,0,0,0,0,0,0,0,0,0,0
"822","Todd","a0900067000080843  ",1,0,0,0,0,0,0,0,0,0,0,0,0,0
"823","Todd","a0900067000080901  ",1,0,1,1,0,0,0,0,0,0,0,0,0,0
"824","Todd","a0900067000080933  ",1,0,0,1,0,0,0,0,0,0,0,0,0,0
"825","Todd","a0900067000080972  ",1,1,1,0,1,0,0,0,0,0,0,0,0,0
"826","Todd","a0900067000084700",NA,1,0,0,0,0,0,0,0,0,0,0,0,0
"827","Todd","a0900067000084700  ",NA,NA,1,0,0,0,0,0,0,0,0,0,0,0
"828","Todd","a0900067000085023",NA,1,0,0,0,0,0,0,0,0,0,0,0,0
"829","Todd","a0900067000085023  ",1,0,0,0,0,0,0,0,0,0,0,0,0,0
"830","Todd","a0900067000085028",NA,1,0,0,0,0,0,0,0,0,0,0,0,0
"831","Todd","a0900067000085028  ",1,0,0,0,0,0,0,0,0,0,0,0,0,0
"832","Todd","a0900067000085331",NA,1,0,0,0,0,0,0,0,0,0,0,0,0
"833","Todd","a0900067000085384",NA,1,0,0,0,0,0,0,0,0,0,0,0,0
"834","Todd","a0900067000085384  ",NA,NA,1,0,0,0,0,0,0,0,0,0,0,0
"835","Todd","a0900067000085427  ",NA,1,0,0,0,0,0,0,0,0,0,0,0,0
"836","Todd","a0900067000085444  ",NA,1,0,0,0,0,0,0,0,0,0,0,0,0
"837","Todd","a0900067000121802  ",NA,NA,NA,NA,NA,NA,NA,1,0,0,0,0,0,0
"838","Todd","a0900067000121834  ",NA,NA,NA,NA,NA,1,0,1,0,0,0,0,0,0
"839","Todd","a0900067000121844",NA,NA,NA,NA,NA,NA,NA,NA,1,0,0,0,0,0
"840","Todd","a0900067000121844  ",NA,NA,NA,NA,NA,1,0,0,0,0,0,0,1,0
"841","Todd","a0900067000122070  ",NA,NA,NA,NA,1,1,0,0,0,0,0,0,0,0
"842","Todd","a0900067000122259  ",NA,NA,NA,NA,NA,1,0,1,1,0,0,0,0,0
"843","Todd","a0900067000122301  ",NA,NA,NA,NA,NA,1,0,0,0,0,0,1,1,0
"844","Todd","a0900067000122325  ",NA,NA,NA,NA,NA,1,0,0,0,0,0,0,0,0
"845","Todd","a0900067000122332  ",NA,NA,NA,NA,NA,1,0,0,0,0,1,0,1,0
"846","Todd","a0900067000122377  ",NA,NA,NA,NA,NA,1,1,0,0,0,0,0,0,0
"847","Todd","a0900067000122402  ",NA,NA,NA,NA,1,0,0,0,0,0,0,0,0,0
"848","Todd","a0900067000122424  ",NA,NA,NA,NA,1,0,0,0,0,0,0,0,0,0
"849","Todd","a0900067000122606  ",NA,NA,NA,NA,NA,NA,1,0,0,0,1,0,0,0
"850","Todd","a0900067000122634  ",NA,NA,NA,NA,NA,NA,1,0,0,0,0,1,0,0
"851","Todd","a0900067000122641  ",NA,NA,NA,NA,NA,NA,1,0,0,0,0,0,0,0
"852","Todd","a0900067000124996  ",NA,NA,NA,NA,NA,NA,1,0,0,0,0,0,0,0
"853","Todd","a0900067000125036  ",NA,NA,NA,NA,NA,NA,1,0,0,0,0,0,0,0
"854","Todd","a0900067000125046  ",NA,NA,NA,NA,NA,NA,1,1,1,1,1,0,0,0
"855","Todd","a0900067000125047  ",NA,NA,NA,NA,NA,NA,1,0,0,0,0,0,0,0
"856","Todd","a0900067000125072",NA,NA,NA,NA,NA,NA,NA,NA,1,0,0,0,0,0
"857","Todd","a0900067000125072  ",NA,NA,NA,NA,NA,NA,1,0,0,1,0,0,0,0
"858","Todd","a0900067000125075  ",NA,NA,NA,NA,NA,NA,1,0,0,0,0,0,0,0
"859","Todd","a0900067000125083  ",NA,NA,NA,NA,NA,NA,NA,1,0,1,0,1,0,1
"860","Todd","a0900067000125140  ",NA,NA,NA,NA,NA,NA,NA,1,0,0,0,1,0,0
"861","Todd","a0900067000125321",NA,NA,NA,NA,NA,NA,NA,NA,1,0,0,0,0,0
"862","Todd","a0900067000125498  ",NA,NA,NA,NA,NA,NA,NA,NA,1,0,0,0,0,0
"863","Todd","a0900067000125590",NA,NA,NA,NA,NA,NA,NA,NA,1,0,0,0,0,0
"864","Todd","a0900067000125595",NA,NA,NA,NA,NA,NA,NA,NA,1,0,0,0,0,0
"865","Todd","a0900067000125595  ",NA,NA,NA,NA,NA,NA,NA,NA,NA,1,1,1,0,1
"866","Todd","a0900067000125656",NA,NA,NA,NA,NA,NA,NA,NA,1,0,0,0,0,0
"867","Todd","a0900067000125659  ",NA,NA,NA,NA,NA,NA,NA,NA,1,0,0,0,0,0
"868","Todd","a0900067000125666",NA,NA,NA,NA,NA,NA,NA,NA,1,0,0,0,0,0
"869","Todd","a0900067000125683  ",NA,NA,NA,NA,NA,NA,1,1,0,0,0,0,0,0
"870","Todd","a0900067000125911  ",NA,NA,NA,NA,NA,NA,NA,1,0,0,0,1,1,0
"871","Todd","a0982000403060265  ",NA,NA,1,0,0,0,0,0,0,0,0,0,0,0
"872","Todd","a0982000403060561",NA,1,0,0,0,0,0,0,0,0,0,0,0,0
"873","Todd","a0982000403060561  ",NA,NA,NA,1,0,0,0,0,0,0,0,0,0,0
"874","Todd","a0982000403060576  ",1,0,0,0,0,0,0,0,0,0,0,0,0,0
"875","Todd","a0982000403060625  ",1,0,0,0,0,0,0,0,0,0,0,0,0,0
"876","Todd","a0982000403060629  ",1,0,0,0,0,0,0,0,0,0,0,0,0,0
"877","Todd","a0982000403060640  ",1,0,1,1,0,0,0,0,0,0,0,0,0,0
"878","Todd","a0982000407049975  ",NA,NA,NA,1,0,0,0,0,0,0,0,0,0,0
"879","Todd","a0982000407049998  ",NA,NA,NA,1,0,0,0,0,0,0,0,0,0,0
"880","Todd","a0982000407050016  ",NA,NA,NA,1,0,0,0,0,0,0,0,0,0,0
"881","Todd","a0982000407050069  ",NA,NA,NA,1,0,0,0,0,0,0,0,0,0,0
"882","Todd","a0982000407050096  ",NA,1,0,0,0,0,0,0,0,0,0,0,0,0
"883","Todd","a0982000407050130  ",NA,1,0,0,0,0,0,0,0,0,0,0,0,0
"884","Todd","a0982000407050182",NA,1,0,0,0,0,0,0,0,0,0,0,0,0
"885","Todd","a0982000407050192",NA,1,0,0,0,0,0,0,0,0,0,0,0,0
"886","Todd","a0982000407050192  ",NA,NA,NA,1,0,0,0,0,0,0,0,0,0,0
"887","Todd","a0982000407050197",NA,1,0,0,0,0,0,0,0,0,0,0,0,0
"888","Todd","a0982000407050197  ",NA,NA,1,0,0,0,0,0,0,0,0,0,0,0
"889","Todd","a0982000407050208",NA,1,0,0,0,0,0,0,0,0,0,0,0,0
"890","Todd","a0982000407050208  ",NA,NA,1,0,0,0,0,0,0,0,0,0,0,0
"891","Todd","a0982000407050211",NA,1,0,0,0,0,0,0,0,0,0,0,0,0
"892","Todd","a0982000407050211  ",NA,NA,1,0,0,0,0,0,0,0,0,0,0,0
"893","Todd","a0982000407050228",NA,1,0,0,0,0,0,0,0,0,0,0,0,0
"894","Todd","a0982000407050229",NA,1,0,0,0,0,0,0,0,0,0,0,0,0
"895","Todd","a0982000407050239",NA,1,0,0,0,0,0,0,0,0,0,0,0,0
"896","Todd","a0982000407050245",NA,1,0,0,0,0,0,0,0,0,0,0,0,0
"897","Todd","a0982000407050249",NA,1,0,0,0,0,0,0,0,0,0,0,0,0
"898","Todd","a0982000407050249  ",NA,NA,1,0,0,0,0,0,0,0,0,0,0,0
"899","Todd","a0982000407050250",NA,1,0,0,0,0,0,0,0,0,0,0,0,0
"900","Todd","a0982000407050261",NA,1,0,0,0,0,0,0,0,0,0,0,0,0
"901","Todd","a0982000407050269",NA,1,0,0,0,0,0,0,0,0,0,0,0,0
"902","Todd","a0982000407050269  ",NA,NA,NA,1,0,0,0,0,0,0,0,0,0,0
"903","Todd","a0982000407050307  ",NA,1,0,0,0,0,0,0,0,0,0,0,0,0
"904","Todd","a0982000407050609  ",NA,NA,NA,1,0,0,0,0,0,0,0,0,0,0
"905","Todd","a0982000407050654  ",NA,NA,NA,1,0,0,0,0,0,0,0,0,0,0
"906","Todd","a0982000407050818",NA,1,0,0,0,0,0,0,0,0,0,0,0,0
"907","Todd","a0982000407050900",NA,1,0,0,0,0,0,0,0,0,0,0,0,0
"908","Todd","a0982000407050923",NA,1,0,0,0,0,0,0,0,0,0,0,0,0
"909","Todd","a0982000407050938",NA,1,0,0,0,0,0,0,0,0,0,0,0,0
"910","Todd","a0982000407050946",NA,1,0,0,0,0,0,0,0,0,0,0,0,0
"911","Todd","a0982000407050988",NA,1,0,0,0,0,0,0,0,0,0,0,0,0
"912","Todd","a0982000407063347  ",NA,NA,1,0,0,0,0,0,0,0,0,0,0,0
"913","Todd","a0982000407063357  ",NA,NA,1,0,0,0,0,0,0,0,0,0,0,0
"914","Todd","a0982000407063363  ",NA,NA,1,0,0,0,0,0,0,0,0,0,0,0
"915","Todd","a0982000407063401  ",NA,NA,1,0,0,0,0,0,0,0,0,0,0,0
"916","Todd","a0982000407063408  ",NA,NA,1,0,0,0,0,0,0,0,0,0,0,0
"917","Todd","a0982000407063426  ",NA,NA,1,0,0,0,0,0,0,0,0,0,0,0
"918","Todd","a0982000407063470  ",NA,NA,NA,1,0,0,0,0,0,0,0,0,0,0
"919","Todd","a0982000407063505  ",NA,NA,NA,1,0,0,0,0,0,0,0,0,0,0
"920","Todd","a0982000407063519  ",NA,NA,NA,1,0,0,0,0,0,0,0,0,0,0
"921","Todd","a0982000407069478  ",NA,NA,1,0,0,0,0,0,0,0,0,0,0,0
"922","Todd","a0982000407069481  ",NA,NA,1,0,0,0,0,0,0,0,0,0,0,0
"923","Todd","a0982000407069573  ",NA,NA,1,0,0,0,0,0,0,0,0,0,0,0
"924","Todd","a0982000407069590  ",NA,NA,1,0,0,0,0,0,0,0,0,0,0,0
"925","Todd","a0982000407069614  ",NA,NA,1,0,0,0,0,0,0,0,0,0,0,0
"926","Todd","a0982000407069616  ",NA,NA,1,0,0,0,0,0,0,0,0,0,0,0
"927","Todd","a0982000407069636  ",NA,NA,1,0,0,0,0,0,0,0,0,0,0,0
